hotel;arrival_date_year;arrival_date_month;arrival_date_week_number;arrival_date_day_of_month;stays_in_weekend_nights;stays_in_week_nights;adults;children;babies;meal;country;reserved_room_type;assigned_room_type;deposit_type;reservation_status;reservation_status_date;last_updated
Resort Hotel;2015;July;27;1;0;0;2;0;0;BB;PRT;C;C;No Deposit;Check-Out;01/07/2015;01/07/2015
Resort Hotel;2015;July;27;1;0;0;2;0;0;BB;PRT;C;C;No Deposit;Check-Out;01/07/2015;
Resort Hotel;2015;July;27;1;0;1;1;0;0;BB;GBR;A;C;No Deposit;Check-Out;02/07/2015;
City Hotel;;;;;2;2;2;0;0;BB;PRT;A;A;No Deposit;Canceled;;
City Hotel;;;;;2;2;2;0;0;BB;PRT;A;A;No Deposit;Canceled;;
City Hotel;2015;July;30;25;2;2;2;0;0;BB;ITA;A;A;No Deposit;Check-Out;29/07/2015;
City Hotel;2015;July;30;25;2;2;2;0;0;BB;PRT;A;A;No Deposit;Canceled;22/07/2015;
City Hotel;2015;July;30;25;2;2;2;0;0;BB;PRT;A;A;No Deposit;Canceled;22/07/2015;
Resort Hotel;2015;July;27;1;0;1;1;0;0;BB;GBR;A;A;No Deposit;Check-Out;02/07/2015;
Resort Hotel;2015;July;27;1;0;2;2;0;0;BB;GBR;A;A;No Deposit;Check-Out;03/07/2015;
Resort Hotel;2015;July;27;1;0;2;2;0;0;BB;GBR;A;A;No Deposit;Check-Out;03/07/2015;
City Hotel;;;;;2;2;2;0;0;BB;PRT;A;A;No Deposit;Canceled;;
City Hotel;;;;;2;2;2;0;0;BB;PRT;A;A;No Deposit;Canceled;;
Resort Hotel;2015;July;27;1;0;2;2;0;0;BB;PRT;C;C;No Deposit;Check-Out;03/07/2015;
Resort Hotel;2015;July;27;1;0;2;2;0;0;FB;PRT;C;C;No Deposit;Check-Out;03/07/2015;
Resort Hotel;2015;July;27;1;0;3;2;0;0;BB;PRT;A;A;No Deposit;Canceled;06/05/2015;
Resort Hotel;2015;July;27;1;0;3;2;0;0;HB;PRT;D;D;No Deposit;Canceled;22/04/2015;
Resort Hotel;2015;July;27;1;0;4;2;0;0;BB;PRT;E;E;No Deposit;Canceled;23/06/2015;
Resort Hotel;2015;July;27;1;0;4;2;0;0;BB;PRT;E;E;No Deposit;Check-Out;05/07/2015;
Resort Hotel;2015;July;27;1;0;1;2;0;0;BB;IRL;A;E;No Deposit;Check-Out;02/07/2015;
Resort Hotel;2015;July;27;1;0;1;2;0;0;BB;FRA;A;G;No Deposit;Check-Out;02/07/2015;
Resort Hotel;2015;July;27;1;0;4;2;0;0;BB;GBR;G;G;No Deposit;Check-Out;05/07/2015;
Resort Hotel;2015;July;27;1;1;4;1;0;0;BB;GBR;F;F;No Deposit;Check-Out;06/07/2015;
Resort Hotel;2015;July;27;1;2;4;2;0;0;BB;PRT;A;A;No Deposit;Check-Out;07/07/2015;
Resort Hotel;2015;July;27;1;2;4;2;0;0;BB;PRT;A;A;No Deposit;Check-Out;07/07/2015;
Resort Hotel;2015;July;27;1;2;4;2;0;0;BB;PRT;D;D;No Deposit;Check-Out;07/07/2015;07/07/2015
Resort Hotel;2015;July;27;1;2;5;2;0;0;HB;GBR;D;I;No Deposit;Check-Out;01/07/2015;01/07/2015
Resort Hotel;2015;July;27;1;2;5;2;0;0;BB;PRT;D;D;No Deposit;Check-Out;08/07/2015;08/07/2015
Resort Hotel;2015;July;27;1;2;5;2;0;0;BB;IRL;D;D;No Deposit;Check-Out;08/07/2015;08/07/2015
Resort Hotel;2015;July;27;1;2;5;2;0;0;BB;PRT;E;E;No Deposit;Canceled;11/05/2015;11/05/2015
Resort Hotel;2015;July;27;1;2;5;2;0;0;BB;PRT;A;A;No Deposit;Check-Out;08/07/2015;08/07/2015
Resort Hotel;2015;July;27;1;2;5;2;0;0;BB;PRT;D;D;No Deposit;Check-Out;08/07/2015;08/07/2015
Resort Hotel;2015;July;27;1;4;10;1;0;0;BB;;A;A;No Deposit;Check-Out;15/07/2015;15/07/2015
City Hotel;;;;;2;2;2;0;0;BB;PRT;A;A;No Deposit;Canceled;;
City Hotel;;;;;2;2;2;0;0;BB;PRT;A;A;No Deposit;Canceled;;
Resort Hotel;2015;July;27;1;4;11;2;0;0;BB;GBR;D;D;No Deposit;Check-Out;16/07/2015;16/07/2015
Resort Hotel;2015;July;27;1;2;8;2;0;0;BB;PRT;E;E;No Deposit;Canceled;29/05/2015;29/05/2015
Resort Hotel;2015;July;27;2;2;4;2;0;0;BB;IRL;A;C;No Deposit;Check-Out;08/07/2015;08/07/2015
Resort Hotel;2015;July;27;2;1;3;3;0;0;BB;PRT;D;D;No Deposit;Canceled;19/05/2015;19/05/2015
Resort Hotel;2015;July;27;2;1;3;3;0;0;BB;PRT;D;D;No Deposit;Canceled;19/06/2015;19/06/2015
Resort Hotel;2015;July;27;2;1;3;2;0;0;BB;ESP;A;C;No Deposit;Check-Out;06/07/2015;
Resort Hotel;2015;July;27;2;1;3;3;0;0;BB;PRT;D;D;No Deposit;Check-Out;06/07/2015;
Resort Hotel;2015;July;27;2;1;3;3;0;0;BB;PRT;D;D;No Deposit;Canceled;23/05/2015;
Resort Hotel;2015;July;27;2;2;3;2;0;0;HB;ROU;E;E;No Deposit;Check-Out;07/07/2015;
Resort Hotel;2015;July;27;2;2;3;2;0;0;BB;PRT;G;G;No Deposit;Canceled;18/05/2015;
Resort Hotel;2015;July;27;2;2;3;2;0;0;BB;IRL;D;D;No Deposit;Check-Out;07/07/2015;
Resort Hotel;2015;July;27;2;2;3;2;0;0;BB;ESP;F;F;No Deposit;Check-Out;07/07/2015;
Resort Hotel;2015;July;27;2;2;3;2;0;0;HB;ROU;E;E;No Deposit;Check-Out;07/07/2015;
Resort Hotel;2015;July;27;2;2;5;2;0;0;BB;PRT;A;A;No Deposit;Check-Out;09/07/2015;
Resort Hotel;2015;July;27;2;2;5;2;2;0;BB;PRT;G;G;No Deposit;Canceled;02/06/2015;
Resort Hotel;2015;July;27;2;2;5;2;0;0;BB;ESP;A;A;No Deposit;Check-Out;09/07/2015;
Resort Hotel;2015;July;27;2;2;5;2;0;0;BB;NOR;E;E;No Deposit;Check-Out;09/07/2015;
Resort Hotel;2015;July;27;2;2;5;2;0;0;HB;GBR;A;B;No Deposit;Check-Out;09/07/2015;
Resort Hotel;2015;July;27;2;2;5;2;0;0;HB;IRL;E;F;No Deposit;Check-Out;09/07/2015;
Resort Hotel;2015;July;27;2;2;5;2;0;0;BB;NOR;D;D;No Deposit;Check-Out;09/07/2015;
Resort Hotel;2015;July;27;2;3;8;2;0;0;BB;IRL;A;A;No Deposit;Check-Out;13/07/2015;
Resort Hotel;2015;July;27;2;4;10;2;0;0;BB;OMN;D;D;No Deposit;Check-Out;16/07/2015;
Resort Hotel;2015;July;27;2;0;1;2;0;0;BB;ESP;A;C;No Deposit;Check-Out;03/07/2015;
Resort Hotel;2015;July;27;2;0;1;2;0;0;BB;ARG;H;H;No Deposit;Check-Out;03/07/2015;
Resort Hotel;2015;July;27;2;0;1;2;2;0;BB;ESP;C;C;No Deposit;Check-Out;03/07/2015;
Resort Hotel;2015;July;27;2;0;1;2;0;0;BB;PRT;H;H;No Deposit;Check-Out;03/07/2015;
Resort Hotel;2015;July;27;2;0;1;2;0;0;BB;PRT;A;D;No Deposit;Check-Out;03/07/2015;
Resort Hotel;2015;July;27;2;0;1;2;0;0;BB;PRT;G;G;No Deposit;Check-Out;03/07/2015;
Resort Hotel;2015;July;27;2;0;2;2;0;0;BB;USA;A;C;No Deposit;Check-Out;04/07/2015;
Resort Hotel;2015;July;27;2;0;2;2;0;0;BB;PRT;G;G;No Deposit;Check-Out;04/07/2015;
Resort Hotel;2015;July;27;2;0;2;2;0;0;BB;IRL;E;E;No Deposit;Check-Out;04/07/2015;
Resort Hotel;2015;July;27;2;0;3;2;0;0;BB;ESP;F;F;No Deposit;Check-Out;05/07/2015;
Resort Hotel;2015;July;27;2;0;3;2;0;0;BB;IRL;A;C;No Deposit;Check-Out;05/07/2015;
Resort Hotel;2015;July;27;2;0;3;2;0;0;HB;PRT;A;A;No Deposit;Canceled;29/06/2015;
Resort Hotel;2015;July;27;3;0;2;2;2;0;BB;USA;G;H;No Deposit;Check-Out;05/07/2015;
Resort Hotel;2015;July;27;3;0;2;2;0;0;BB;ESP;A;C;No Deposit;Check-Out;05/07/2015;
Resort Hotel;2015;July;27;3;0;2;2;0;0;BB;POL;D;D;No Deposit;Check-Out;05/07/2015;
Resort Hotel;2015;July;27;3;0;2;3;0;0;BB;PRT;A;A;No Deposit;Canceled;16/06/2015;
Resort Hotel;2015;July;27;3;0;2;2;0;0;BB;PRT;A;A;No Deposit;Canceled;18/06/2015;
Resort Hotel;2015;July;27;3;0;2;2;0;0;BB;PRT;D;D;No Deposit;Canceled;03/07/2015;
Resort Hotel;2015;July;27;3;0;2;2;0;0;BB;PRT;A;A;No Deposit;Canceled;12/06/2015;
Resort Hotel;2015;July;27;3;0;2;2;0;0;HB;PRT;A;A;No Deposit;Check-Out;05/07/2015;
Resort Hotel;2015;July;27;3;0;2;2;0;0;BB;ESP;A;A;No Deposit;Check-Out;05/07/2015;
Resort Hotel;2015;July;27;3;0;2;3;0;0;BB;PRT;A;A;No Deposit;Canceled;09/06/2015;
Resort Hotel;2015;July;27;3;1;2;2;0;0;BB;ESP;A;A;No Deposit;Check-Out;06/07/2015;
Resort Hotel;2015;July;27;3;1;2;2;0;0;BB;PRT;E;E;No Deposit;Canceled;26/05/2015;
Resort Hotel;2015;July;27;3;2;2;1;0;0;BB;PRT;A;A;No Deposit;Check-Out;07/07/2015;
Resort Hotel;2015;July;27;3;2;2;2;0;0;BB;DEU;A;A;No Deposit;Check-Out;07/07/2015;
Resort Hotel;2015;July;27;3;2;6;3;0;0;BB;PRT;D;D;No Deposit;Check-Out;11/07/2015;
Resort Hotel;2015;July;27;3;2;7;2;0;0;BB;FRA;A;A;No Deposit;Check-Out;12/07/2015;
Resort Hotel;2015;July;27;3;3;7;2;0;0;BB;PRT;A;A;No Deposit;Canceled;19/05/2015;
Resort Hotel;2015;July;27;3;3;7;2;0;0;BB;GBR;A;A;No Deposit;Check-Out;13/07/2015;
Resort Hotel;2015;July;27;3;3;7;2;0;0;HB;PRT;A;A;No Deposit;Canceled;09/06/2015;
Resort Hotel;2015;July;27;3;3;7;2;0;0;HB;GBR;E;E;No Deposit;Check-Out;13/07/2015;
Resort Hotel;2015;July;27;3;4;10;2;0;0;HB;;E;E;No Deposit;Check-Out;17/07/2015;
Resort Hotel;2015;July;27;3;4;10;2;0;0;BB;GBR;F;F;No Deposit;Check-Out;17/07/2015;
Resort Hotel;2015;July;27;3;6;15;2;1;0;BB;PRT;A;A;No Deposit;Canceled;15/04/2015;
Resort Hotel;2015;July;27;3;0;1;2;0;0;BB;GBR;A;C;No Deposit;Check-Out;04/07/2015;
Resort Hotel;2015;July;27;3;0;1;2;0;0;BB;PRT;A;C;No Deposit;Check-Out;04/07/2015;
Resort Hotel;2015;July;27;3;0;1;2;0;0;BB;ESP;A;C;No Deposit;Check-Out;04/07/2015;
Resort Hotel;2015;July;27;3;0;1;2;0;0;BB;PRT;E;E;No Deposit;Check-Out;04/07/2015;
Resort Hotel;2015;July;27;3;0;1;2;0;0;BB;USA;C;C;No Deposit;Check-Out;04/07/2015;
Resort Hotel;2015;July;27;3;0;1;2;0;0;BB;BEL;A;A;No Deposit;Check-Out;04/07/2015;
Resort Hotel;2015;July;27;3;0;2;2;0;0;BB;PRT;A;A;No Deposit;Canceled;26/05/2015;
Resort Hotel;2015;July;27;3;0;2;2;0;0;BB;PRT;A;A;No Deposit;Canceled;29/06/2015;
Resort Hotel;2015;July;27;3;2;5;2;0;0;BB;PRT;F;F;No Deposit;Canceled;13/05/2015;
Resort Hotel;2015;July;27;3;2;5;3;0;0;HB;ESP;E;E;No Deposit;Check-Out;10/07/2015;
Resort Hotel;2015;July;27;3;2;5;2;1;0;BB;PRT;D;D;No Deposit;Check-Out;10/07/2015;
Resort Hotel;2015;July;27;3;2;5;2;0;0;BB;DEU;E;E;No Deposit;Check-Out;10/07/2015;
Resort Hotel;2015;July;27;4;2;1;2;0;0;BB;ESP;A;C;No Deposit;Check-Out;07/07/2015;
Resort Hotel;2015;July;27;4;2;1;2;0;0;BB;FRA;D;D;No Deposit;Check-Out;07/07/2015;
Resort Hotel;2015;July;27;4;2;4;1;2;0;BB;FRA;F;F;No Deposit;Check-Out;10/07/2015;
Resort Hotel;2015;July;27;4;2;4;2;0;0;BB;PRT;;;No Deposit;Check-Out;10/07/2015;
Resort Hotel;2015;July;27;4;2;5;2;0;0;BB;PRT;E;E;No Deposit;Check-Out;11/07/2015;
Resort Hotel;2015;July;27;4;2;5;2;2;0;BB;PRT;H;H;No Deposit;Canceled;09/06/2015;
Resort Hotel;2015;July;27;4;2;5;3;0;0;HB;PRT;D;D;No Deposit;Canceled;20/05/2015;
Resort Hotel;2015;July;27;4;2;5;2;0;0;BB;PRT;A;A;No Deposit;Canceled;22/04/2015;
Resort Hotel;;;;;2;5;2;0;0;BB;PRT;A;A;No Deposit;Check-Out;11/07/2015;
Resort Hotel;2015;July;27;4;2;5;2;0;1;BB;PRT;A;A;No Deposit;Check-Out;11/07/2015;
Resort Hotel;2015;July;27;4;4;6;2;0;0;BB;GBR;D;D;No Deposit;Check-Out;14/07/2015;
Resort Hotel;2015;July;27;4;4;6;2;0;0;BB;PRT;D;D;No Deposit;Check-Out;14/07/2015;
Resort Hotel;2015;July;27;4;4;6;2;1;0;HB;PRT;D;D;No Deposit;Check-Out;14/07/2015;
Resort Hotel;2015;July;27;4;0;1;2;2;0;BB;PRT;H;G;No Deposit;Check-Out;05/07/2015;
Resort Hotel;2015;July;27;4;0;1;2;0;0;BB;PRT;D;C;No Deposit;Check-Out;05/07/2015;
Resort Hotel;2015;July;27;4;0;1;1;0;0;HB;PRT;A;A;No Deposit;Canceled;29/05/2015;
Resort Hotel;2015;July;27;4;0;1;1;0;0;BB;PRT;E;G;No Deposit;No-Show;04/07/2015;
Resort Hotel;2015;July;27;4;0;1;2;0;0;BB;PRT;A;A;No Deposit;Canceled;13/05/2015;
Resort Hotel;2015;July;27;4;0;1;2;0;0;BB;PRT;D;D;No Deposit;Canceled;16/06/2015;
Resort Hotel;2015;July;27;4;0;1;4;0;0;FB;PRT;H;H;No Deposit;Check-Out;05/07/2015;
Resort Hotel;2015;July;27;4;0;1;2;0;0;BB;ESP;E;E;No Deposit;Check-Out;05/07/2015;
Resort Hotel;2015;July;27;4;1;1;2;0;0;BB;FRA;A;C;No Deposit;Check-Out;06/07/2015;
Resort Hotel;2015;July;27;4;1;1;2;0;0;BB;PRT;A;A;No Deposit;Check-Out;06/07/2015;
Resort Hotel;2015;July;27;4;1;1;2;0;0;BB;FRA;A;A;No Deposit;Check-Out;06/07/2015;
Resort Hotel;2015;July;27;4;1;1;2;0;0;BB;FRA;A;C;No Deposit;Check-Out;06/07/2015;
Resort Hotel;2015;July;28;5;1;0;2;0;0;BB;ESP;A;C;No Deposit;Check-Out;06/07/2015;
Resort Hotel;2015;July;28;5;1;0;2;0;0;BB;PRT;D;D;No Deposit;Canceled;01/07/2015;
Resort Hotel;2015;July;28;5;1;0;2;0;0;BB;ESP;A;C;No Deposit;Check-Out;06/07/2015;
Resort Hotel;2015;July;28;5;1;0;1;0;0;BB;DEU;A;A;No Deposit;Check-Out;06/07/2015;
Resort Hotel;2015;July;28;5;1;0;1;0;0;BB;PRT;A;D;No Deposit;Check-Out;06/07/2015;
Resort Hotel;2015;July;28;5;1;0;2;0;0;BB;PRT;A;E;No Deposit;Check-Out;06/07/2015;
Resort Hotel;2015;July;28;5;1;0;1;0;0;BB;DEU;A;A;No Deposit;Check-Out;06/07/2015;
Resort Hotel;2015;July;28;5;1;0;2;0;0;BB;PRT;D;D;No Deposit;Canceled;01/07/2015;
Resort Hotel;2015;July;28;5;1;0;2;0;0;BB;PRT;G;G;No Deposit;Check-Out;06/07/2015;
Resort Hotel;2015;July;28;5;2;0;3;0;0;HB;PRT;G;G;No Deposit;Check-Out;07/07/2015;
Resort Hotel;2015;July;28;5;2;0;2;0;0;BB;FRA;D;E;No Deposit;Check-Out;07/07/2015;
Resort Hotel;2015;July;28;5;2;2;2;0;0;BB;ESP;D;D;No Deposit;Check-Out;09/07/2015;
Resort Hotel;2015;July;28;5;2;3;2;1;0;BB;CN;A;D;No Deposit;Check-Out;10/07/2015;
Resort Hotel;2015;July;28;5;2;3;2;0;0;BB;ESP;E;E;No Deposit;Check-Out;10/07/2015;
Resort Hotel;2015;July;28;5;2;3;2;0;0;BB;PRT;E;E;No Deposit;Check-Out;10/07/2015;
Resort Hotel;2015;July;28;5;2;4;2;0;0;BB;ESP;H;H;No Deposit;Check-Out;11/07/2015;
Resort Hotel;2015;July;28;5;2;4;2;0;0;BB;PRT;A;A;No Deposit;Check-Out;11/07/2015;
Resort Hotel;2015;July;28;5;2;4;2;2;0;BB;PRT;H;H;No Deposit;Canceled;17/06/2015;
Resort Hotel;2015;July;28;5;2;5;2;0;0;HB;PRT;D;D;No Deposit;Canceled;01/05/2015;
Resort Hotel;2015;July;28;5;2;5;2;2;0;HB;PRT;C;C;No Deposit;Check-Out;12/07/2015;
Resort Hotel;2015;July;28;5;2;5;2;0;0;BB;IRL;F;F;No Deposit;Check-Out;12/07/2015;
Resort Hotel;2015;July;28;5;2;5;2;0;0;HB;PRT;A;A;No Deposit;Canceled;30/03/2015;
Resort Hotel;2015;July;28;5;2;5;2;0;0;BB;ESP;E;E;No Deposit;Check-Out;12/07/2015;
Resort Hotel;2015;July;28;5;4;5;2;2;0;BB;CHE;H;H;No Deposit;Check-Out;14/07/2015;
Resort Hotel;2015;July;28;5;4;6;2;0;0;BB;PRT;D;D;No Deposit;Check-Out;15/07/2015;
Resort Hotel;2015;July;28;5;4;6;3;0;0;BB;PRT;D;C;No Deposit;Check-Out;15/07/2015;
Resort Hotel;2015;July;28;5;4;7;2;0;0;BB;GBR;D;D;No Deposit;Check-Out;16/07/2015;
Resort Hotel;2015;July;28;5;4;10;1;0;0;HB;GBR;A;A;No Deposit;Check-Out;19/07/2015;
Resort Hotel;2015;July;28;5;4;10;2;0;0;HB;GBR;D;D;No Deposit;Check-Out;19/07/2015;
Resort Hotel;2015;July;28;6;1;4;2;2;0;BB;PRT;G;G;No Deposit;Check-Out;11/07/2015;
Resort Hotel;2015;July;28;6;1;3;2;0;0;BB;PRT;A;C;No Deposit;Check-Out;10/07/2015;
Resort Hotel;2015;July;28;6;1;3;2;0;0;BB;USA;G;G;No Deposit;Check-Out;10/07/2015;
Resort Hotel;2015;July;28;6;1;3;3;0;0;BB;CN;D;D;No Deposit;Check-Out;10/07/2015;
Resort Hotel;2015;July;28;6;1;3;2;2;0;HB;CHE;G;G;No Deposit;Check-Out;10/07/2015;
Resort Hotel;2015;July;28;6;1;3;2;0;1;BB;PRT;D;E;No Deposit;Check-Out;10/07/2015;
Resort Hotel;2015;July;28;6;1;3;3;0;0;BB;USA;G;G;No Deposit;Check-Out;10/07/2015;
Resort Hotel;2015;July;28;6;0;0;2;0;0;BB;PRT;A;H;No Deposit;Check-Out;06/07/2015;
Resort Hotel;2015;July;28;6;0;0;1;0;0;BB;PRT;E;H;No Deposit;Check-Out;06/07/2015;
Resort Hotel;2015;July;28;6;1;0;2;1;0;BB;PRT;A;E;No Deposit;Check-Out;07/07/2015;
Resort Hotel;2015;July;28;6;1;1;2;0;0;BB;PRT;A;E;No Deposit;Check-Out;08/07/2015;
Resort Hotel;2015;July;28;6;1;1;2;0;0;BB;USA;D;F;No Deposit;Check-Out;08/07/2015;
Resort Hotel;2015;July;28;6;1;2;2;0;0;BB;GRC;D;D;No Deposit;Check-Out;09/07/2015;
Resort Hotel;2015;July;28;6;1;3;2;0;0;HB;PRT;E;E;No Deposit;Canceled;03/06/2015;
Resort Hotel;2015;July;28;6;1;3;2;0;0;HB;PRT;A;E;No Deposit;Check-Out;10/07/2015;
Resort Hotel;2015;July;28;6;1;3;2;0;0;BB;PRT;A;C;No Deposit;Check-Out;10/07/2015;
Resort Hotel;2015;July;28;6;1;4;2;0;0;BB;PRT;E;E;No Deposit;Check-Out;11/07/2015;
Resort Hotel;2015;July;28;6;1;4;2;0;0;HB;PRT;F;F;No Deposit;Check-Out;11/07/2015;
Resort Hotel;2015;July;28;6;1;5;2;0;0;HB;ESP;A;C;No Deposit;Check-Out;12/07/2015;
Resort Hotel;2015;July;28;6;1;5;2;0;0;BB;PRT;E;E;No Deposit;Check-Out;12/07/2015;
Resort Hotel;2015;July;28;6;2;5;2;2;0;HB;PRT;G;G;No Deposit;Check-Out;13/07/2015;
Resort Hotel;2015;July;28;6;2;5;1;0;0;HB;PRT;A;A;No Deposit;Canceled;26/06/2015;
Resort Hotel;2015;July;28;6;2;5;2;0;0;BB;GBR;A;A;No Deposit;Check-Out;13/07/2015;
Resort Hotel;2015;July;28;6;3;5;2;0;0;HB;PRT;A;C;No Deposit;Check-Out;14/07/2015;
Resort Hotel;2015;July;28;6;3;7;2;0;0;BB;PRT;D;D;No Deposit;Canceled;14/05/2015;
Resort Hotel;2015;July;28;6;3;7;2;0;0;BB;GBR;A;A;No Deposit;Check-Out;16/07/2015;
Resort Hotel;2015;July;28;6;3;7;2;0;0;BB;GBR;D;D;No Deposit;Check-Out;16/07/2015;
Resort Hotel;2015;July;28;6;3;7;2;0;0;HB;PRT;F;F;No Deposit;Check-Out;16/07/2015;
Resort Hotel;2015;July;28;6;3;7;2;0;0;HB;GBR;D;D;No Deposit;Check-Out;16/07/2015;
Resort Hotel;2015;July;28;6;3;8;1;0;0;BB;FRA;A;A;No Deposit;Check-Out;17/07/2015;
Resort Hotel;2015;July;28;6;4;10;2;0;0;BB;ITA;D;D;No Deposit;Check-Out;20/07/2015;
Resort Hotel;2015;July;28;6;4;10;2;0;0;BB;GBR;A;A;No Deposit;Check-Out;20/07/2015;
Resort Hotel;2015;July;28;6;2;5;2;0;0;BB;PRT;D;D;No Deposit;Check-Out;13/07/2015;
Resort Hotel;2015;July;28;7;0;2;2;0;0;BB;PRT;A;A;No Deposit;Canceled;07/05/2015;
Resort Hotel;2015;July;28;7;0;3;2;0;0;BB;ESP;A;A;No Deposit;Check-Out;10/07/2015;
Resort Hotel;2015;July;28;7;0;3;2;1;0;HB;PRT;F;F;No Deposit;Check-Out;10/07/2015;
Resort Hotel;2015;July;28;7;0;0;2;0;0;BB;PRT;A;A;No Deposit;Check-Out;07/07/2015;
Resort Hotel;2015;July;28;7;0;0;2;0;0;BB;PRT;A;E;No Deposit;Check-Out;07/07/2015;
Resort Hotel;2015;July;28;7;0;1;1;0;0;BB;GBR;A;A;No Deposit;Check-Out;08/07/2015;
Resort Hotel;2015;July;28;7;0;1;3;0;0;HB;PRT;C;C;No Deposit;Check-Out;08/07/2015;
Resort Hotel;2015;July;28;7;0;1;1;0;0;BB;GBR;A;A;No Deposit;Check-Out;08/07/2015;
Resort Hotel;2015;July;28;7;0;4;3;2;0;BB;ESP;H;H;No Deposit;Check-Out;11/07/2015;
Resort Hotel;2015;July;28;7;0;4;2;0;0;BB;PRT;D;D;No Deposit;Check-Out;11/07/2015;
Resort Hotel;2015;July;28;7;0;4;3;0;0;HB;USA;D;E;No Deposit;Check-Out;11/07/2015;
Resort Hotel;2015;July;28;7;0;4;2;0;0;BB;NLD;A;A;No Deposit;Check-Out;11/07/2015;
Resort Hotel;2015;July;28;7;0;5;2;0;0;HB;PRT;A;A;No Deposit;Canceled;28/05/2015;
Resort Hotel;2015;July;28;7;2;5;2;0;0;HB;PRT;E;E;No Deposit;Canceled;13/04/2015;
Resort Hotel;2015;July;28;7;2;5;2;0;0;BB;IRL;D;D;No Deposit;Check-Out;14/07/2015;
Resort Hotel;2015;July;28;7;2;5;2;0;0;BB;PRT;A;A;No Deposit;Canceled;25/03/2015;
Resort Hotel;2015;July;28;7;4;10;2;0;0;HB;IRL;D;D;No Deposit;Check-Out;21/07/2015;
Resort Hotel;2015;July;28;8;0;3;2;0;0;BB;GBR;E;E;No Deposit;Check-Out;11/07/2015;
Resort Hotel;2015;July;28;8;0;4;2;0;0;BB;PRT;A;A;No Deposit;Check-Out;12/07/2015;
Resort Hotel;2015;July;28;8;0;4;2;0;0;BB;ESP;A;A;No Deposit;Check-Out;12/07/2015;
Resort Hotel;2015;July;28;8;0;4;2;0;0;BB;PRT;A;A;No Deposit;Canceled;28/05/2015;
Resort Hotel;2015;July;28;8;0;4;2;0;0;BB;ESP;D;D;No Deposit;Check-Out;12/07/2015;
Resort Hotel;2015;July;28;8;0;4;2;0;0;BB;PRT;A;A;No Deposit;Check-Out;12/07/2015;
Resort Hotel;2015;July;28;8;0;4;2;0;0;BB;PRT;A;A;No Deposit;Canceled;29/06/2015;
Resort Hotel;2015;July;28;8;0;1;1;0;0;BB;PRT;A;A;No Deposit;Check-Out;09/07/2015;
Resort Hotel;2015;July;28;8;0;1;2;0;0;BB;PRT;A;A;No Deposit;Canceled;08/07/2015;
Resort Hotel;2015;July;28;8;0;1;2;0;0;BB;PRT;A;A;No Deposit;Canceled;08/07/2015;
Resort Hotel;2015;July;28;8;0;2;2;0;0;BB;CHE;A;F;No Deposit;Check-Out;10/07/2015;
Resort Hotel;2015;July;28;8;1;4;2;0;0;BB;PRT;A;A;No Deposit;Canceled;28/05/2015;
Resort Hotel;2015;July;28;8;2;4;2;0;0;BB;PRT;E;E;No Deposit;Check-Out;14/07/2015;
Resort Hotel;2015;July;28;8;2;5;2;1;0;HB;PRT;D;D;No Deposit;Canceled;15/04/2015;
Resort Hotel;2015;July;28;8;2;5;2;0;0;BB;GBR;E;F;No Deposit;Check-Out;15/07/2015;
Resort Hotel;2015;July;28;8;2;5;2;0;0;HB;GBR;D;D;No Deposit;Check-Out;15/07/2015;
Resort Hotel;2015;July;28;8;2;5;2;0;0;HB;PRT;E;E;No Deposit;Check-Out;15/07/2015;
Resort Hotel;2015;July;28;8;2;6;3;0;0;BB;IRL;A;A;No Deposit;Check-Out;16/07/2015;
Resort Hotel;2015;July;28;8;2;7;3;0;0;BB;DNK;E;E;No Deposit;Check-Out;17/07/2015;
Resort Hotel;2015;July;28;8;2;7;2;0;0;BB;DNK;E;E;No Deposit;Check-Out;17/07/2015;
Resort Hotel;2015;July;28;9;0;1;2;2;0;BB;PRT;C;C;No Deposit;Check-Out;10/07/2015;
Resort Hotel;2015;July;28;9;0;2;3;0;0;BB;ARG;A;C;No Deposit;Check-Out;11/07/2015;
Resort Hotel;2015;July;28;9;0;2;2;2;0;BB;PRT;H;G;No Deposit;Check-Out;11/07/2015;
Resort Hotel;2015;July;28;9;0;3;2;0;0;BB;PRT;D;D;No Deposit;Canceled;02/06/2015;
Resort Hotel;2015;July;28;9;0;3;2;2;0;BB;PRT;C;C;No Deposit;Canceled;16/06/2015;
Resort Hotel;2015;July;28;9;0;3;2;2;0;BB;PRT;G;G;No Deposit;Canceled;16/06/2015;
Resort Hotel;2015;July;28;9;0;3;2;0;1;BB;PRT;A;A;No Deposit;Check-Out;12/07/2015;
Resort Hotel;2015;July;28;9;1;3;2;0;0;BB;PRT;A;A;No Deposit;Canceled;23/06/2015;
Resort Hotel;2015;July;28;9;1;3;2;0;0;BB;PRT;A;A;No Deposit;Canceled;27/06/2015;
Resort Hotel;2015;July;28;9;1;3;1;0;0;BB;RUS;A;A;No Deposit;Check-Out;13/07/2015;
Resort Hotel;2015;July;28;9;2;3;2;0;0;BB;SWE;A;A;No Deposit;Check-Out;14/07/2015;
Resort Hotel;2015;July;28;10;1;2;2;0;0;BB;GBR;C;C;No Deposit;Check-Out;13/07/2015;
Resort Hotel;2015;July;28;10;1;2;2;0;0;BB;AUS;A;C;No Deposit;Check-Out;13/07/2015;
Resort Hotel;2015;July;28;10;1;2;2;0;0;BB;GBR;E;E;No Deposit;Check-Out;13/07/2015;
Resort Hotel;2015;July;28;10;2;2;2;0;0;FB;PRT;F;F;No Deposit;Check-Out;14/07/2015;
Resort Hotel;2015;July;28;10;2;2;2;0;0;FB;PRT;F;F;No Deposit;Check-Out;14/07/2015;
Resort Hotel;2015;July;28;10;2;3;2;0;0;BB;PRT;E;E;No Deposit;Canceled;29/06/2015;
Resort Hotel;2015;July;28;10;2;3;2;0;0;BB;POL;A;A;No Deposit;Check-Out;15/07/2015;
Resort Hotel;2015;July;28;10;2;3;2;0;2;HB;PRT;C;C;No Deposit;Check-Out;15/07/2015;
Resort Hotel;2015;July;28;10;2;3;2;2;0;BB;EST;G;G;No Deposit;Check-Out;15/07/2015;
Resort Hotel;2015;July;28;10;2;5;2;0;0;HB;PRT;A;A;No Deposit;Check-Out;17/07/2015;
Resort Hotel;2015;July;28;10;2;5;2;0;0;HB;PRT;D;D;No Deposit;Check-Out;17/07/2015;
Resort Hotel;2015;July;28;10;2;5;2;0;0;HB;PRT;D;D;No Deposit;Check-Out;17/07/2015;
Resort Hotel;2015;July;28;10;2;5;2;0;0;HB;PRT;E;E;No Deposit;Check-Out;17/07/2015;
Resort Hotel;2015;July;28;10;2;5;1;0;0;HB;RUS;E;E;No Deposit;Check-Out;17/07/2015;
Resort Hotel;2015;July;28;10;2;5;2;1;0;HB;GBR;F;F;No Deposit;Check-Out;17/07/2015;
Resort Hotel;2015;July;28;10;2;5;2;1;1;FB;PRT;C;C;No Deposit;Check-Out;17/07/2015;
Resort Hotel;2015;July;28;10;2;6;3;1;0;BB;PRT;C;C;No Deposit;Check-Out;18/07/2015;
Resort Hotel;2015;July;28;10;2;7;2;0;0;BB;IRL;A;A;No Deposit;Check-Out;19/07/2015;
Resort Hotel;2015;July;28;10;3;7;2;0;0;BB;PRT;D;D;No Deposit;Check-Out;20/07/2015;
Resort Hotel;2015;July;28;10;4;7;2;0;1;BB;GBR;F;F;No Deposit;Check-Out;21/07/2015;
Resort Hotel;2015;July;28;10;4;9;2;0;0;BB;DNK;C;C;No Deposit;Check-Out;23/07/2015;
Resort Hotel;2015;July;28;10;2;5;2;1;0;HB;GBR;D;D;No Deposit;Check-Out;17/07/2015;
Resort Hotel;2015;July;28;10;2;5;2;0;0;HB;GBR;F;F;No Deposit;Check-Out;17/07/2015;
Resort Hotel;2015;July;28;11;2;3;2;1;0;HB;PRT;A;A;No Deposit;Canceled;29/05/2015;
Resort Hotel;2015;July;28;11;2;3;2;0;0;BB;ESP;A;A;No Deposit;Check-Out;16/07/2015;
Resort Hotel;2015;July;28;11;2;4;2;0;1;BB;PRT;A;A;No Deposit;Check-Out;17/07/2015;
Resort Hotel;2015;July;28;11;2;4;2;0;0;BB;PRT;E;E;No Deposit;Canceled;08/06/2015;
Resort Hotel;2015;July;28;11;2;4;3;0;0;HB;PRT;D;D;No Deposit;Check-Out;17/07/2015;
Resort Hotel;2015;July;28;11;2;4;2;0;0;BB;ESP;A;A;No Deposit;Check-Out;17/07/2015;
Resort Hotel;2015;July;28;11;2;5;2;0;0;BB;PRT;E;E;No Deposit;Check-Out;18/07/2015;
Resort Hotel;2015;July;28;11;2;5;2;0;0;BB;PRT;A;A;No Deposit;Canceled;22/04/2015;
Resort Hotel;2015;July;28;11;2;2;2;0;0;BB;GBR;E;E;No Deposit;Check-Out;15/07/2015;
Resort Hotel;2015;July;28;11;2;2;2;0;0;BB;PRT;E;E;No Deposit;Check-Out;15/07/2015;
Resort Hotel;2015;July;28;11;2;2;2;0;0;BB;CZE;E;E;No Deposit;Check-Out;15/07/2015;
Resort Hotel;2015;July;28;11;0;1;1;0;0;BB;GBR;A;A;No Deposit;Check-Out;12/07/2015;
Resort Hotel;2015;July;28;11;0;1;2;0;0;HB;DEU;A;A;No Deposit;Check-Out;12/07/2015;
Resort Hotel;2015;July;28;11;0;1;2;0;0;BB;ESP;G;G;No Deposit;Check-Out;12/07/2015;
Resort Hotel;2015;July;28;11;0;1;2;0;0;BB;ESP;A;A;No Deposit;Check-Out;12/07/2015;
Resort Hotel;2015;July;28;11;1;1;2;0;0;HB;PRT;A;A;No Deposit;Check-Out;13/07/2015;
Resort Hotel;2015;July;28;11;1;1;2;0;0;BB;ESP;A;A;No Deposit;Check-Out;13/07/2015;
Resort Hotel;2015;July;28;11;1;1;2;0;0;BB;ROU;C;C;No Deposit;Check-Out;13/07/2015;
Resort Hotel;2015;July;28;11;2;1;2;0;0;BB;PRT;E;F;No Deposit;Check-Out;14/07/2015;
Resort Hotel;2015;July;28;11;2;1;2;0;0;BB;ESP;A;A;No Deposit;Check-Out;14/07/2015;
Resort Hotel;2015;July;28;11;2;5;2;0;0;BB;PRT;D;D;No Deposit;Check-Out;18/07/2015;
Resort Hotel;2015;July;28;11;2;5;2;0;0;HB;PRT;A;A;No Deposit;Check-Out;18/07/2015;
Resort Hotel;2015;July;28;11;2;6;2;0;0;BB;PRT;D;D;No Deposit;Canceled;19/05/2015;
Resort Hotel;2015;July;28;11;2;6;2;2;0;HB;PRT;G;G;No Deposit;Check-Out;19/07/2015;
Resort Hotel;2015;July;28;11;4;6;2;0;0;HB;PRT;E;E;No Deposit;Check-Out;21/07/2015;
Resort Hotel;2015;July;28;11;2;5;2;0;0;BB;PRT;A;A;No Deposit;Check-Out;18/07/2015;
Resort Hotel;2015;July;28;11;2;5;2;0;0;BB;PRT;E;E;No Deposit;Check-Out;18/07/2015;
Resort Hotel;2015;July;29;12;1;0;2;2;0;BB;CN;G;G;No Deposit;Check-Out;13/07/2015;
Resort Hotel;2015;July;29;12;1;0;2;0;0;BB;PRT;A;A;No Deposit;Check-Out;13/07/2015;
Resort Hotel;2015;July;29;12;2;4;2;1;0;BB;PRT;A;A;No Deposit;Check-Out;18/07/2015;
Resort Hotel;2015;July;29;12;2;4;2;0;0;BB;PRT;A;A;No Deposit;Canceled;12/05/2015;
Resort Hotel;2015;July;29;12;2;5;2;0;0;BB;GBR;A;A;No Deposit;Check-Out;19/07/2015;
Resort Hotel;2015;July;29;12;2;5;2;0;0;BB;BRA;D;D;No Deposit;Check-Out;19/07/2015;
Resort Hotel;2015;July;29;12;2;5;2;0;0;FB;PRT;A;A;No Deposit;Check-Out;12/07/2015;
Resort Hotel;2015;July;29;12;2;5;2;0;1;HB;ESP;D;D;No Deposit;Check-Out;19/07/2015;
Resort Hotel;2015;July;29;12;2;5;3;1;0;BB;PRT;C;C;No Deposit;Canceled;29/06/2015;
Resort Hotel;2015;July;29;12;2;5;2;0;0;BB;GBR;A;A;No Deposit;Check-Out;19/07/2015;
Resort Hotel;2015;July;29;12;2;5;2;0;1;FB;PRT;A;A;No Deposit;Check-Out;19/07/2015;
Resort Hotel;2015;July;29;12;2;5;2;0;0;BB;PRT;E;E;No Deposit;Check-Out;19/07/2015;
Resort Hotel;2015;July;29;12;2;5;2;0;0;BB;GBR;D;D;No Deposit;Check-Out;19/07/2015;
Resort Hotel;2015;July;29;12;2;5;2;0;0;HB;PRT;A;A;No Deposit;Canceled;03/07/2015;
Resort Hotel;2015;July;29;12;2;5;2;0;0;BB;GBR;D;D;No Deposit;Check-Out;19/07/2015;
Resort Hotel;2015;July;29;12;2;5;2;0;0;BB;ESP;E;E;No Deposit;Check-Out;19/07/2015;
Resort Hotel;2015;July;29;12;3;5;2;0;0;BB;PRT;E;E;No Deposit;Canceled;19/06/2015;
Resort Hotel;2015;July;29;12;4;5;2;0;0;HB;FRA;A;A;No Deposit;Check-Out;21/07/2015;
Resort Hotel;2015;July;29;12;4;5;2;0;0;BB;PRT;A;A;No Deposit;Check-Out;21/07/2015;
Resort Hotel;2015;July;29;12;4;7;2;0;0;BB;GBR;D;D;No Deposit;Check-Out;23/07/2015;
Resort Hotel;2015;July;29;12;4;7;2;0;0;HB;GBR;A;A;No Deposit;Check-Out;23/07/2015;
Resort Hotel;2015;July;29;12;4;10;2;10;0;BB;PRT;D;D;No Deposit;No-Show;12/07/2015;
Resort Hotel;2015;July;29;12;2;5;2;0;0;BB;GBR;A;A;No Deposit;Check-Out;19/07/2015;
Resort Hotel;2015;July;29;12;1;0;2;0;0;BB;PRT;A;A;No Deposit;Check-Out;13/07/2015;
Resort Hotel;2015;July;29;12;2;0;2;2;0;BB;BEL;G;G;No Deposit;Check-Out;14/07/2015;
Resort Hotel;2015;July;29;12;2;0;2;0;0;BB;ESP;A;A;No Deposit;Check-Out;14/07/2015;
Resort Hotel;2015;July;29;12;2;0;2;0;0;BB;FRA;F;E;No Deposit;Check-Out;14/07/2015;
Resort Hotel;2015;July;29;12;2;0;2;0;0;BB;ESP;A;B;No Deposit;Check-Out;14/07/2015;
Resort Hotel;2015;July;29;12;2;0;2;0;0;BB;BEL;A;A;No Deposit;Check-Out;14/07/2015;
Resort Hotel;2015;July;29;12;2;1;2;0;0;BB;ITA;D;D;No Deposit;Check-Out;15/07/2015;
Resort Hotel;2015;July;29;12;2;1;2;0;0;BB;ESP;A;A;No Deposit;Check-Out;15/07/2015;
Resort Hotel;2015;July;29;12;2;1;2;0;0;HB;PRT;A;A;No Deposit;Canceled;22/06/2015;
Resort Hotel;2015;July;29;12;2;2;2;0;0;BB;FRA;A;D;No Deposit;Check-Out;16/07/2015;
Resort Hotel;2015;July;29;12;2;2;2;0;1;BB;FIN;E;E;No Deposit;Check-Out;16/07/2015;
Resort Hotel;2015;July;29;12;2;2;2;2;0;BB;CN;G;G;No Deposit;Check-Out;16/07/2015;
Resort Hotel;2015;July;29;12;2;3;2;0;0;BB;ESP;D;D;No Deposit;Check-Out;17/07/2015;
Resort Hotel;2015;July;29;12;2;3;2;0;0;BB;PRT;F;F;No Deposit;No-Show;12/07/2015;
Resort Hotel;2015;July;29;12;2;3;2;2;0;BB;IRL;H;H;No Deposit;Check-Out;17/07/2015;
Resort Hotel;2015;July;29;12;2;3;2;0;0;HB;ESP;D;D;No Deposit;Check-Out;17/07/2015;
Resort Hotel;2015;July;29;13;2;5;2;0;0;BB;ESP;G;G;No Deposit;Check-Out;20/07/2015;
Resort Hotel;2015;July;29;13;2;5;2;0;1;HB;PRT;A;A;No Deposit;Check-Out;20/07/2015;
Resort Hotel;2015;July;29;13;2;5;2;0;0;BB;PRT;A;A;No Deposit;Canceled;13/05/2015;
Resort Hotel;2015;July;29;13;2;5;2;0;0;BB;GBR;A;A;No Deposit;Check-Out;20/07/2015;
Resort Hotel;2015;July;29;13;1;1;2;0;0;BB;ESP;A;A;No Deposit;Check-Out;15/07/2015;
Resort Hotel;2015;July;29;13;1;1;2;0;0;BB;ESP;A;C;No Deposit;Check-Out;15/07/2015;
Resort Hotel;2015;July;29;13;1;1;2;0;0;BB;AUS;A;C;No Deposit;Check-Out;15/07/2015;
Resort Hotel;2015;July;29;13;1;1;2;0;0;BB;ESP;A;A;No Deposit;Check-Out;15/07/2015;
Resort Hotel;2015;July;29;13;1;1;4;0;0;BB;PRT;L;H;No Deposit;Check-Out;15/07/2015;
Resort Hotel;2015;July;29;13;1;4;2;0;0;BB;PRT;A;A;No Deposit;Check-Out;18/07/2015;
Resort Hotel;2015;July;29;13;1;4;2;0;0;BB;PRT;D;D;No Deposit;Canceled;01/06/2015;
Resort Hotel;2015;July;29;13;1;4;2;0;0;BB;ESP;D;D;No Deposit;Check-Out;18/07/2015;
Resort Hotel;2015;July;29;13;1;4;3;0;0;HB;PRT;E;E;No Deposit;Check-Out;18/07/2015;
Resort Hotel;2015;July;29;13;1;5;2;0;0;BB;PRT;A;A;No Deposit;Canceled;24/04/2015;
Resort Hotel;2015;July;29;13;1;5;2;0;0;HB;PRT;A;A;No Deposit;Canceled;12/05/2015;
Resort Hotel;2015;July;29;13;1;5;1;0;0;HB;PRT;D;C;No Deposit;Check-Out;19/07/2015;
Resort Hotel;2015;July;29;13;1;5;2;0;0;BB;FRA;A;A;No Deposit;Check-Out;19/07/2015;
Resort Hotel;2015;July;29;13;2;5;2;0;0;HB;PRT;A;A;No Deposit;Check-Out;20/07/2015;
Resort Hotel;2015;July;29;13;2;5;2;0;0;FB;PRT;D;D;No Deposit;Check-Out;20/07/2015;
Resort Hotel;2015;July;29;13;2;5;2;1;0;HB;ESP;E;E;No Deposit;Check-Out;20/07/2015;
Resort Hotel;2015;July;29;13;2;5;2;0;0;BB;PRT;A;A;No Deposit;Canceled;15/04/2015;
Resort Hotel;2015;July;29;13;1;0;2;0;0;BB;ROU;A;A;No Deposit;Check-Out;14/07/2015;
Resort Hotel;2015;July;29;13;1;3;2;0;0;HB;ESP;A;A;No Deposit;Check-Out;17/07/2015;
Resort Hotel;2015;July;29;13;3;5;2;0;0;BB;FIN;A;A;No Deposit;Check-Out;21/07/2015;
Resort Hotel;2015;July;29;13;3;6;2;0;0;BB;GBR;D;D;No Deposit;Check-Out;22/07/2015;
Resort Hotel;2015;July;29;14;0;1;2;0;0;BB;PRT;D;D;No Deposit;Canceled;03/07/2015;
Resort Hotel;2015;July;29;14;0;1;1;0;0;BB;PRT;A;A;No Deposit;Check-Out;15/07/2015;
Resort Hotel;2015;July;29;14;0;1;2;0;0;BB;PRT;A;A;No Deposit;Check-Out;15/07/2015;
Resort Hotel;2015;July;29;14;0;2;2;0;0;BB;PRT;D;D;No Deposit;Check-Out;16/07/2015;
Resort Hotel;2015;July;29;14;0;4;2;0;0;BB;PRT;E;E;No Deposit;Canceled;27/05/2015;
Resort Hotel;2015;July;29;14;0;4;2;0;0;BB;ESP;A;C;No Deposit;Check-Out;18/07/2015;
Resort Hotel;2015;July;29;14;0;5;2;0;0;BB;POL;E;F;No Deposit;Check-Out;19/07/2015;
Resort Hotel;2015;July;29;14;0;5;2;0;0;BB;PRT;A;A;No Deposit;Check-Out;19/07/2015;
Resort Hotel;2015;July;29;14;1;5;2;0;0;HB;PRT;A;A;No Deposit;Check-Out;20/07/2015;
Resort Hotel;2015;July;29;14;1;5;2;1;0;HB;PRT;E;E;No Deposit;Check-Out;20/07/2015;
Resort Hotel;2015;July;29;14;1;5;2;2;0;HB;PRT;H;G;No Deposit;Check-Out;20/07/2015;
Resort Hotel;2015;July;29;14;2;5;1;0;0;BB;PRT;A;A;No Deposit;Canceled;06/04/2015;
Resort Hotel;2015;July;29;14;2;5;2;0;0;HB;ESP;A;A;No Deposit;Check-Out;21/07/2015;
Resort Hotel;2015;July;29;14;2;5;2;0;0;HB;ESP;A;A;No Deposit;Check-Out;21/07/2015;
Resort Hotel;2015;July;29;14;2;7;2;0;0;BB;PRT;A;A;No Deposit;Canceled;11/04/2015;
Resort Hotel;2015;July;29;14;2;7;2;0;0;BB;PRT;A;A;No Deposit;Canceled;11/04/2015;
Resort Hotel;2015;July;29;14;2;7;2;0;0;BB;IRL;A;A;No Deposit;Check-Out;23/07/2015;
Resort Hotel;2015;July;29;14;2;9;2;0;0;BB;IRL;A;B;No Deposit;Check-Out;25/07/2015;
Resort Hotel;2015;July;29;14;4;10;2;0;0;HB;SWE;D;D;No Deposit;Check-Out;28/07/2015;
Resort Hotel;2015;July;29;14;4;10;2;0;0;HB;SWE;D;D;No Deposit;Check-Out;28/07/2015;
Resort Hotel;2015;July;29;14;4;11;3;0;0;BB;PRT;H;H;No Deposit;Check-Out;29/07/2015;
Resort Hotel;2015;July;29;14;0;1;1;0;0;BB;PRT;A;C;No Deposit;Check-Out;15/07/2015;
Resort Hotel;2015;July;29;15;0;3;2;0;0;HB;PRT;A;A;No Deposit;Canceled;03/07/2015;
Resort Hotel;2015;July;29;15;0;3;2;0;0;BB;PRT;D;D;No Deposit;Canceled;27/06/2015;
Resort Hotel;2015;July;29;15;2;4;2;0;0;HB;POL;D;D;No Deposit;Check-Out;21/07/2015;
Resort Hotel;2015;July;29;15;2;5;2;0;0;BB;PRT;D;D;No Deposit;Canceled;25/06/2015;
Resort Hotel;2015;July;29;15;2;6;2;2;0;BB;GBR;H;H;No Deposit;Check-Out;23/07/2015;
Resort Hotel;2015;July;29;15;0;2;2;0;0;FB;PRT;A;C;No Deposit;Check-Out;17/07/2015;
Resort Hotel;2015;July;29;15;0;2;2;0;0;FB;PRT;A;A;No Deposit;Check-Out;17/07/2015;
Resort Hotel;2015;July;29;15;0;2;2;0;0;FB;PRT;A;A;No Deposit;Check-Out;17/07/2015;
Resort Hotel;2015;July;29;15;0;2;2;0;0;FB;PRT;A;C;No Deposit;Check-Out;17/07/2015;
Resort Hotel;2015;July;29;15;0;2;2;0;0;FB;PRT;A;D;No Deposit;Check-Out;17/07/2015;
Resort Hotel;2015;July;29;15;2;7;2;2;0;BB;GBR;G;G;No Deposit;Check-Out;24/07/2015;
Resort Hotel;2015;July;29;15;0;2;2;0;0;FB;PRT;A;A;No Deposit;Check-Out;17/07/2015;
Resort Hotel;2015;July;29;15;0;2;1;0;0;FB;PRT;A;F;No Deposit;Check-Out;17/07/2015;
Resort Hotel;2015;July;29;15;0;2;2;0;0;FB;PRT;A;A;No Deposit;Canceled;13/07/2015;
Resort Hotel;2015;July;29;15;0;2;2;0;0;FB;PRT;A;C;No Deposit;Check-Out;17/07/2015;
Resort Hotel;2015;July;29;15;0;2;3;0;0;FB;PRT;A;C;No Deposit;Check-Out;17/07/2015;
Resort Hotel;2015;July;29;15;0;2;1;0;0;FB;PRT;A;E;No Deposit;Check-Out;17/07/2015;
Resort Hotel;2015;July;29;15;0;2;2;0;0;FB;PRT;A;D;No Deposit;Check-Out;17/07/2015;
Resort Hotel;2015;July;29;15;0;2;2;0;0;FB;PRT;A;D;No Deposit;Check-Out;17/07/2015;
Resort Hotel;2015;July;29;15;0;2;3;0;0;FB;PRT;A;C;No Deposit;Check-Out;17/07/2015;
Resort Hotel;2015;July;29;15;0;2;1;0;0;FB;PRT;A;A;No Deposit;Check-Out;17/07/2015;
Resort Hotel;2015;July;29;15;0;2;2;0;0;FB;PRT;A;A;No Deposit;Check-Out;17/07/2015;
Resort Hotel;2015;July;29;15;0;2;2;0;0;FB;PRT;A;A;No Deposit;Check-Out;17/07/2015;
Resort Hotel;2015;July;29;15;0;2;2;0;0;FB;PRT;A;A;No Deposit;Check-Out;17/07/2015;
Resort Hotel;2015;July;29;15;0;2;2;0;0;FB;PRT;A;A;No Deposit;Check-Out;17/07/2015;
Resort Hotel;2015;July;29;15;0;2;2;0;0;FB;PRT;A;C;No Deposit;Check-Out;17/07/2015;
Resort Hotel;2015;July;29;16;0;2;2;2;0;BB;PRT;G;G;No Deposit;Canceled;02/07/2015;
Resort Hotel;2015;July;29;16;0;2;2;0;0;BB;DNK;A;D;No Deposit;Check-Out;18/07/2015;
Resort Hotel;2015;July;29;16;0;1;2;0;0;BB;FIN;F;F;No Deposit;Check-Out;17/07/2015;
Resort Hotel;2015;July;29;16;0;1;1;0;0;BB;PRT;A;A;No Deposit;Canceled;05/06/2015;
Resort Hotel;2015;July;29;16;0;1;2;0;0;BB;PRT;F;F;No Deposit;Canceled;16/07/2015;
Resort Hotel;2015;July;29;16;0;1;2;2;0;BB;USA;C;C;No Deposit;Check-Out;17/07/2015;
Resort Hotel;2015;July;29;16;0;2;2;2;0;BB;PRT;H;G;No Deposit;Check-Out;18/07/2015;
Resort Hotel;2015;July;29;16;0;2;2;0;0;BB;PRT;A;A;No Deposit;Canceled;02/07/2015;
Resort Hotel;2015;July;29;16;0;2;2;1;0;BB;PRT;A;D;No Deposit;Check-Out;18/07/2015;
Resort Hotel;2015;July;29;16;0;2;2;0;0;BB;DNK;A;A;No Deposit;Check-Out;18/07/2015;
Resort Hotel;2015;July;29;16;0;3;2;0;0;BB;ESP;D;D;No Deposit;Check-Out;19/07/2015;
Resort Hotel;2015;July;29;16;0;3;2;0;0;BB;PRT;A;A;No Deposit;Canceled;13/07/2015;
Resort Hotel;2015;July;29;16;0;3;2;0;0;HB;PRT;A;A;No Deposit;Canceled;19/06/2015;
Resort Hotel;2015;July;29;16;0;3;2;0;0;HB;PRT;A;A;No Deposit;Canceled;30/06/2015;
Resort Hotel;2015;July;29;16;0;3;2;0;0;BB;ESP;A;D;No Deposit;Check-Out;19/07/2015;
Resort Hotel;2015;July;29;16;2;3;2;0;0;BB;IRL;D;D;No Deposit;Check-Out;21/07/2015;
Resort Hotel;2015;July;29;16;2;3;2;0;0;BB;PRT;E;E;No Deposit;Canceled;07/07/2015;
Resort Hotel;2015;July;29;16;2;3;1;0;0;BB;IRL;D;D;No Deposit;Check-Out;21/07/2015;
Resort Hotel;2015;July;29;16;1;3;2;0;0;BB;PRT;A;F;No Deposit;Check-Out;20/07/2015;
Resort Hotel;2015;July;29;16;1;3;2;0;0;BB;PRT;D;D;No Deposit;Canceled;13/06/2015;
Resort Hotel;2015;July;29;16;2;4;2;0;0;HB;PRT;A;A;No Deposit;Check-Out;22/07/2015;
Resort Hotel;2015;July;29;16;2;4;2;0;0;BB;PRT;D;D;No Deposit;Canceled;11/06/2015;
Resort Hotel;2015;July;29;16;2;5;2;0;0;HB;GBR;A;A;No Deposit;Check-Out;23/07/2015;
Resort Hotel;2015;July;29;16;2;6;2;0;0;BB;PRT;A;A;No Deposit;Check-Out;24/07/2015;
Resort Hotel;2015;July;29;16;4;10;1;0;0;HB;PRT;E;E;No Deposit;Check-Out;30/07/2015;
Resort Hotel;2015;July;29;17;0;0;2;0;0;BB;PRT;A;A;No Deposit;Check-Out;17/07/2015;
Resort Hotel;2015;July;29;17;0;2;2;0;0;BB;PRT;A;F;No Deposit;Check-Out;19/07/2015;
Resort Hotel;2015;July;29;17;0;2;2;0;0;BB;PRT;E;F;No Deposit;Check-Out;19/07/2015;
Resort Hotel;2015;July;29;17;0;2;2;0;0;BB;PRT;D;E;No Deposit;Check-Out;19/07/2015;
Resort Hotel;2015;July;29;17;0;2;2;0;0;BB;PRT;A;A;No Deposit;Check-Out;19/07/2015;
Resort Hotel;2015;July;29;17;0;2;2;0;0;BB;PRT;A;A;No Deposit;Canceled;06/07/2015;
Resort Hotel;2015;July;29;17;0;2;2;0;0;BB;PRT;A;A;No Deposit;Canceled;13/07/2015;
Resort Hotel;2015;July;29;17;0;2;2;0;0;BB;ESP;A;D;No Deposit;Check-Out;19/07/2015;
Resort Hotel;2015;July;29;17;0;2;2;0;0;BB;PRT;A;C;No Deposit;No-Show;17/07/2015;
Resort Hotel;2015;July;29;17;0;2;2;0;0;BB;PRT;D;D;No Deposit;Check-Out;19/07/2015;
Resort Hotel;2015;July;29;17;0;2;2;0;0;BB;ESP;D;E;No Deposit;Check-Out;19/07/2015;
Resort Hotel;2015;July;29;17;0;2;2;0;0;BB;PRT;D;F;No Deposit;Check-Out;19/07/2015;
Resort Hotel;2015;July;29;17;0;2;2;0;0;BB;PRT;A;E;No Deposit;Check-Out;19/07/2015;
Resort Hotel;2015;July;29;17;0;2;1;0;0;BB;PRT;A;A;No Deposit;No-Show;17/07/2015;
Resort Hotel;2015;July;29;17;1;2;2;0;0;BB;PRT;A;A;No Deposit;Canceled;04/07/2015;
Resort Hotel;2015;July;29;17;2;3;2;0;0;BB;PRT;A;A;No Deposit;Check-Out;22/07/2015;
Resort Hotel;2015;July;29;17;2;3;2;1;0;BB;PRT;A;A;No Deposit;Check-Out;22/07/2015;
Resort Hotel;2015;July;29;17;2;3;2;0;0;BB;ESP;A;D;No Deposit;Check-Out;22/07/2015;
Resort Hotel;2015;July;29;17;2;3;1;0;0;BB;PRT;A;A;No Deposit;Check-Out;22/07/2015;
Resort Hotel;2015;July;29;17;2;3;2;0;0;BB;PRT;A;A;No Deposit;Check-Out;22/07/2015;
Resort Hotel;2015;July;29;17;2;3;1;0;0;BB;PRT;A;A;No Deposit;Check-Out;22/07/2015;
Resort Hotel;2015;July;29;17;2;3;1;0;0;BB;PRT;A;A;No Deposit;Check-Out;22/07/2015;
Resort Hotel;2015;July;29;17;2;3;2;0;0;BB;PRT;A;A;No Deposit;Check-Out;22/07/2015;
Resort Hotel;2015;July;29;17;2;3;3;1;0;BB;PRT;G;G;No Deposit;Check-Out;22/07/2015;
Resort Hotel;2015;July;29;17;2;4;2;0;0;BB;PRT;E;E;No Deposit;Check-Out;23/07/2015;
Resort Hotel;2015;July;29;17;2;5;2;2;0;BB;ESP;G;G;No Deposit;Check-Out;24/07/2015;
Resort Hotel;2015;July;29;17;2;5;2;0;0;BB;IRL;A;D;No Deposit;Check-Out;24/07/2015;
Resort Hotel;2015;July;29;17;2;5;2;2;0;BB;PRT;G;G;No Deposit;Canceled;24/06/2015;
Resort Hotel;2015;July;29;17;2;5;2;0;0;HB;PRT;A;A;No Deposit;Check-Out;24/07/2015;
Resort Hotel;2015;July;29;17;2;5;2;0;0;BB;PRT;E;E;No Deposit;Check-Out;24/07/2015;
Resort Hotel;2015;July;29;17;2;5;2;0;0;BB;GBR;A;A;No Deposit;Check-Out;24/07/2015;
Resort Hotel;2015;July;29;17;2;5;2;0;0;HB;PRT;A;A;No Deposit;Check-Out;24/07/2015;
Resort Hotel;2015;July;29;17;2;6;2;0;0;HB;ESP;A;A;No Deposit;Check-Out;25/07/2015;
Resort Hotel;2015;July;29;17;2;6;2;0;0;HB;ESP;D;D;No Deposit;Check-Out;25/07/2015;
Resort Hotel;2015;July;29;17;2;6;3;0;0;BB;FRA;H;H;No Deposit;Check-Out;25/07/2015;
Resort Hotel;2015;July;29;17;3;7;2;0;0;HB;ESP;F;F;No Deposit;Check-Out;27/07/2015;
Resort Hotel;2015;July;29;17;1;2;2;0;0;BB;MOZ;A;A;No Deposit;Check-Out;20/07/2015;
Resort Hotel;2015;July;29;17;1;2;2;1;0;BB;BWA;A;A;No Deposit;Check-Out;20/07/2015;
Resort Hotel;2015;July;29;17;1;2;2;1;0;HB;PRT;E;E;No Deposit;Check-Out;20/07/2015;
Resort Hotel;2015;July;29;17;1;2;2;0;0;BB;GBR;D;D;No Deposit;Check-Out;20/07/2015;
Resort Hotel;2015;July;29;17;1;2;2;0;0;BB;ESP;D;D;No Deposit;Check-Out;20/07/2015;
Resort Hotel;2015;July;29;17;1;2;2;0;0;BB;DEU;A;A;No Deposit;Check-Out;20/07/2015;
Resort Hotel;2015;July;29;17;1;2;2;0;0;BB;PRT;D;D;No Deposit;Canceled;24/06/2015;
Resort Hotel;2015;July;29;17;1;2;2;0;0;BB;IRL;A;D;No Deposit;Check-Out;20/07/2015;
Resort Hotel;2015;July;29;17;1;2;2;0;0;BB;GBR;A;D;No Deposit;Check-Out;20/07/2015;
Resort Hotel;2015;July;29;17;0;1;2;0;0;BB;PRT;L;C;No Deposit;Canceled;17/07/2015;
Resort Hotel;2015;July;29;17;1;2;2;1;0;BB;MOZ;A;A;No Deposit;Check-Out;20/07/2015;
Resort Hotel;2015;July;29;17;1;2;2;0;0;BB;ESP;A;C;No Deposit;Check-Out;20/07/2015;
Resort Hotel;2015;July;29;17;2;2;3;0;0;BB;PRT;A;A;No Deposit;Check-Out;21/07/2015;
Resort Hotel;2015;July;29;18;2;1;2;0;0;BB;ESP;D;F;No Deposit;Check-Out;21/07/2015;
Resort Hotel;2015;July;29;18;2;4;2;0;0;BB;PRT;E;E;No Deposit;Check-Out;24/07/2015;
Resort Hotel;2015;July;29;18;2;4;2;1;0;HB;LUX;A;A;No Deposit;Check-Out;24/07/2015;
Resort Hotel;2015;July;29;18;2;4;2;2;0;HB;PRT;C;C;No Deposit;Canceled;18/07/2015;
Resort Hotel;2015;July;29;18;2;5;2;0;0;HB;PRT;D;D;No Deposit;Check-Out;25/07/2015;
Resort Hotel;2015;July;29;18;2;5;2;0;0;BB;PRT;E;E;No Deposit;Check-Out;25/07/2015;
Resort Hotel;2015;July;29;18;2;2;2;0;0;BB;PRT;E;E;No Deposit;Check-Out;22/07/2015;
Resort Hotel;2015;July;29;18;2;2;2;0;0;BB;PRT;A;A;No Deposit;Check-Out;22/07/2015;
Resort Hotel;2015;July;29;18;2;2;2;0;0;HB;PRT;A;A;No Deposit;Canceled;29/04/2015;
Resort Hotel;2015;July;29;18;2;2;2;0;1;BB;PRT;E;E;No Deposit;Canceled;04/06/2015;
Resort Hotel;2015;July;29;18;2;3;2;2;0;BB;PRT;H;H;No Deposit;Canceled;11/06/2015;
Resort Hotel;2015;July;29;18;2;3;2;0;0;BB;PRT;E;E;No Deposit;Check-Out;23/07/2015;
Resort Hotel;2015;July;29;18;2;3;2;0;0;BB;GBR;A;A;No Deposit;Check-Out;23/07/2015;
Resort Hotel;2015;July;29;18;2;3;2;1;1;BB;PRT;C;C;No Deposit;Check-Out;23/07/2015;
Resort Hotel;2015;July;29;18;0;1;2;0;0;BB;PRT;D;D;No Deposit;Check-Out;19/07/2015;
Resort Hotel;2015;July;29;18;0;1;2;2;0;FB;PRT;C;C;No Deposit;Check-Out;19/07/2015;
Resort Hotel;2015;July;29;18;1;1;1;2;0;BB;PRT;G;G;No Deposit;Check-Out;20/07/2015;
Resort Hotel;2015;July;29;18;2;1;1;0;0;BB;CN;D;E;No Deposit;Check-Out;21/07/2015;
Resort Hotel;2015;July;29;18;2;5;2;1;0;FB;PRT;D;D;No Deposit;Check-Out;25/07/2015;
Resort Hotel;2015;July;29;18;2;5;2;0;0;HB;ESP;E;E;No Deposit;Check-Out;25/07/2015;
Resort Hotel;2015;July;29;18;2;5;2;0;0;FB;PRT;A;A;No Deposit;Check-Out;25/07/2015;
Resort Hotel;2015;July;29;18;2;5;2;0;0;BB;PRT;A;D;No Deposit;Check-Out;25/07/2015;
Resort Hotel;2015;July;29;18;2;5;2;0;0;HB;PRT;D;D;No Deposit;Canceled;24/06/2015;
Resort Hotel;2015;July;29;18;2;5;2;0;0;BB;PRT;D;D;No Deposit;Check-Out;25/07/2015;
Resort Hotel;2015;July;29;18;2;5;2;0;0;BB;PRT;D;D;No Deposit;Check-Out;25/07/2015;
Resort Hotel;2015;July;29;18;2;5;2;0;0;BB;PRT;A;D;No Deposit;Check-Out;25/07/2015;
Resort Hotel;2015;July;29;18;2;6;2;0;0;HB;ESP;A;A;No Deposit;Check-Out;26/07/2015;
Resort Hotel;2015;July;29;18;2;6;2;0;0;HB;PRT;D;D;No Deposit;Canceled;01/06/2015;
Resort Hotel;2015;July;29;18;2;6;2;0;0;HB;ESP;A;A;No Deposit;Check-Out;26/07/2015;
Resort Hotel;2015;July;29;18;4;10;2;0;0;BB;IRL;A;A;No Deposit;Check-Out;01/08/2015;
Resort Hotel;2015;July;30;19;1;0;2;0;0;BB;PRT;A;A;No Deposit;Check-Out;20/07/2015;
Resort Hotel;2015;July;30;19;1;0;2;0;0;BB;PRT;A;A;No Deposit;Check-Out;20/07/2015;
Resort Hotel;2015;July;30;19;1;0;2;0;0;BB;NLD;D;D;No Deposit;Check-Out;20/07/2015;
Resort Hotel;2015;July;30;19;1;0;2;0;0;BB;PRT;A;A;No Deposit;Check-Out;20/07/2015;
Resort Hotel;2015;July;30;19;1;0;2;0;0;BB;PRT;A;A;No Deposit;Check-Out;20/07/2015;
Resort Hotel;2015;July;30;19;2;5;2;2;0;HB;ESP;C;C;No Deposit;Check-Out;26/07/2015;
Resort Hotel;2015;July;30;19;2;5;2;0;0;BB;PRT;A;A;No Deposit;Canceled;27/05/2015;
Resort Hotel;2015;July;30;19;2;5;2;0;0;BB;GBR;D;D;No Deposit;Check-Out;26/07/2015;
Resort Hotel;2015;July;30;19;2;5;2;0;0;HB;PRT;E;E;No Deposit;Canceled;17/06/2015;
Resort Hotel;2015;July;30;19;2;5;2;0;0;BB;RUS;A;A;No Deposit;Check-Out;26/07/2015;
Resort Hotel;2015;July;30;19;2;5;2;0;0;BB;PRT;D;D;No Deposit;Canceled;19/06/2015;
Resort Hotel;2015;July;30;20;1;0;1;0;0;BB;PRT;A;C;No Deposit;Check-Out;21/07/2015;
Resort Hotel;2015;July;30;20;1;2;2;2;0;BB;PRT;G;G;No Deposit;Canceled;13/05/2015;
Resort Hotel;2015;July;30;20;0;0;1;0;0;BB;PRT;A;I;No Deposit;Check-Out;20/07/2015;
Resort Hotel;2015;July;30;20;0;0;2;0;0;BB;PRT;A;I;No Deposit;Check-Out;20/07/2015;
Resort Hotel;2015;July;30;20;1;3;2;0;1;BB;PRT;A;C;No Deposit;Check-Out;24/07/2015;
Resort Hotel;2015;July;30;20;1;3;2;0;0;BB;PRT;A;D;No Deposit;Check-Out;24/07/2015;
Resort Hotel;2015;July;30;20;1;3;2;0;0;BB;POL;A;C;No Deposit;Check-Out;24/07/2015;
Resort Hotel;2015;July;30;20;1;3;2;0;0;HB;PRT;A;A;No Deposit;Check-Out;24/07/2015;
Resort Hotel;2015;July;30;20;1;3;2;0;0;BB;PRT;D;D;No Deposit;Canceled;15/06/2015;
Resort Hotel;2015;July;30;20;1;3;2;0;0;BB;NOR;E;E;No Deposit;Check-Out;24/07/2015;
Resort Hotel;2015;July;30;20;1;3;2;0;0;BB;PRT;D;D;No Deposit;Canceled;15/06/2015;
Resort Hotel;2015;July;30;20;1;4;2;2;0;BB;PRT;G;G;No Deposit;Canceled;17/06/2015;
Resort Hotel;2015;July;30;20;1;4;2;0;0;BB;ESP;A;A;No Deposit;Check-Out;25/07/2015;
Resort Hotel;2015;July;30;20;1;4;2;0;0;BB;PRT;D;D;No Deposit;Canceled;08/06/2015;
Resort Hotel;2015;July;30;20;1;5;2;2;0;BB;PRT;G;G;No Deposit;Canceled;22/06/2015;
Resort Hotel;2015;July;30;20;1;5;2;0;0;HB;PRT;A;D;No Deposit;Check-Out;26/07/2015;
Resort Hotel;2015;July;30;20;1;5;2;0;0;BB;PRT;D;D;No Deposit;Canceled;22/06/2015;
Resort Hotel;2015;July;30;20;2;5;2;0;0;BB;GBR;E;E;No Deposit;Check-Out;27/07/2015;
Resort Hotel;2015;July;30;20;2;5;2;1;0;FB;PRT;F;F;No Deposit;Canceled;20/07/2015;
Resort Hotel;2015;July;30;20;2;5;2;2;0;BB;GBR;C;C;No Deposit;Check-Out;27/07/2015;
Resort Hotel;2015;July;30;20;2;5;2;0;1;HB;PRT;A;A;No Deposit;Check-Out;27/07/2015;
Resort Hotel;2015;July;30;20;2;5;2;0;0;FB;ESP;A;A;No Deposit;Check-Out;27/07/2015;
Resort Hotel;2015;July;30;20;2;5;2;0;0;HB;ESP;D;D;No Deposit;Check-Out;27/07/2015;
Resort Hotel;2015;July;30;20;2;5;2;1;0;HB;PRT;A;A;No Deposit;Canceled;11/05/2015;
Resort Hotel;2015;July;30;20;2;5;2;0;0;BB;PRT;G;G;No Deposit;Canceled;23/04/2015;
Resort Hotel;2015;July;30;20;2;5;2;1;0;FB;PRT;F;F;No Deposit;Check-Out;27/07/2015;
Resort Hotel;2015;July;30;20;3;6;2;0;0;HB;PRT;A;A;No Deposit;Canceled;02/06/2015;
Resort Hotel;2015;July;30;20;3;6;2;0;0;FB;PRT;D;D;No Deposit;Canceled;01/06/2015;
Resort Hotel;2015;July;30;20;3;7;2;1;0;HB;PRT;D;D;No Deposit;Check-Out;30/07/2015;
Resort Hotel;2015;July;30;20;3;7;2;0;0;HB;PRT;D;D;No Deposit;Check-Out;30/07/2015;
Resort Hotel;2015;July;30;20;3;7;2;0;0;HB;PRT;D;D;No Deposit;Check-Out;30/07/2015;
Resort Hotel;2015;July;30;20;3;8;2;0;0;HB;PRT;A;A;No Deposit;Canceled;14/07/2015;
Resort Hotel;2015;July;30;20;3;8;2;0;0;HB;PRT;A;A;No Deposit;Canceled;14/07/2015;
Resort Hotel;2015;July;30;21;0;2;2;0;0;BB;PRT;E;E;No Deposit;Canceled;08/07/2015;
Resort Hotel;2015;July;30;21;0;2;1;0;0;BB;PRT;A;F;No Deposit;Check-Out;23/07/2015;
Resort Hotel;2015;July;30;21;0;3;2;0;0;BB;PRT;A;A;No Deposit;Canceled;01/06/2015;
Resort Hotel;2015;July;30;21;0;4;2;2;0;BB;PRT;G;G;No Deposit;Canceled;19/06/2015;
Resort Hotel;2015;July;30;21;0;4;2;0;0;BB;PRT;A;D;No Deposit;Check-Out;25/07/2015;
Resort Hotel;2015;July;30;21;0;5;3;0;0;BB;PRT;G;G;No Deposit;Check-Out;26/07/2015;
Resort Hotel;2015;July;30;21;1;5;3;0;0;BB;PRT;A;D;No Deposit;Check-Out;27/07/2015;
Resort Hotel;2015;July;30;21;2;5;2;0;0;HB;IRL;E;E;No Deposit;Check-Out;28/07/2015;
Resort Hotel;2015;July;30;21;2;5;3;0;0;BB;CHE;A;D;No Deposit;Check-Out;28/07/2015;
Resort Hotel;2015;July;30;21;2;6;2;0;0;BB;PRT;A;A;No Deposit;Check-Out;29/07/2015;
Resort Hotel;2015;July;30;21;2;7;2;1;0;BB;IRL;E;E;No Deposit;Check-Out;30/07/2015;
Resort Hotel;2015;July;30;21;2;8;2;0;0;BB;GBR;A;A;No Deposit;Check-Out;31/07/2015;
Resort Hotel;2015;July;30;22;0;1;2;0;0;BB;ESP;E;E;No Deposit;Check-Out;23/07/2015;
Resort Hotel;2015;July;30;22;0;4;2;0;0;BB;PRT;A;A;No Deposit;Canceled;22/04/2015;
Resort Hotel;2015;July;30;22;0;4;2;0;0;BB;PRT;D;D;No Deposit;Canceled;09/06/2015;
Resort Hotel;2015;July;30;22;0;4;2;1;0;HB;FRA;D;D;No Deposit;Check-Out;26/07/2015;
Resort Hotel;2015;July;30;22;0;4;2;2;0;BB;PRT;G;G;No Deposit;Canceled;09/06/2015;
Resort Hotel;2015;July;30;22;0;4;2;0;0;BB;PRT;D;D;No Deposit;Canceled;09/06/2015;
Resort Hotel;2015;July;30;22;1;4;2;0;0;BB;PRT;D;D;No Deposit;Canceled;29/06/2015;
Resort Hotel;2015;July;30;23;0;0;2;2;0;BB;PRT;C;I;No Deposit;Check-Out;23/07/2015;
Resort Hotel;2015;July;30;23;0;0;2;0;0;BB;PRT;D;I;No Deposit;Check-Out;23/07/2015;
Resort Hotel;2015;July;30;23;0;1;2;0;0;BB;PRT;D;E;No Deposit;Check-Out;24/07/2015;
Resort Hotel;2015;July;30;23;0;1;2;0;0;BB;PRT;C;C;No Deposit;Check-Out;24/07/2015;
Resort Hotel;2015;July;30;23;0;1;1;0;0;BB;PRT;A;A;No Deposit;Canceled;05/06/2015;
Resort Hotel;2015;July;30;23;0;3;2;0;0;HB;ESP;E;E;No Deposit;Check-Out;26/07/2015;
Resort Hotel;2015;July;30;23;0;3;2;0;0;BB;PRT;A;A;No Deposit;Canceled;07/07/2015;
Resort Hotel;2015;July;30;23;0;3;2;0;0;BB;PRT;D;D;No Deposit;Canceled;19/06/2015;
Resort Hotel;2015;July;30;23;0;3;2;0;0;HB;ESP;D;E;No Deposit;Check-Out;26/07/2015;
Resort Hotel;2015;July;30;23;1;3;2;2;0;BB;PRT;H;H;No Deposit;Canceled;06/07/2015;
Resort Hotel;2015;July;30;23;1;3;2;0;0;BB;PRT;E;E;No Deposit;Canceled;07/07/2015;
Resort Hotel;2015;July;30;23;2;3;2;0;0;BB;CN;D;F;No Deposit;Check-Out;28/07/2015;
Resort Hotel;2015;July;30;23;2;4;2;0;0;BB;PRT;E;E;No Deposit;Canceled;04/07/2015;
Resort Hotel;2015;July;30;23;1;3;2;0;0;BB;PRT;D;D;No Deposit;Canceled;06/07/2015;
Resort Hotel;2015;July;30;23;2;6;3;0;0;HB;ROU;D;D;No Deposit;Check-Out;31/07/2015;
Resort Hotel;2015;July;30;24;0;2;2;0;0;BB;ESP;E;E;No Deposit;Check-Out;26/07/2015;
Resort Hotel;2015;July;30;24;0;2;2;0;0;BB;BRA;D;F;No Deposit;Check-Out;26/07/2015;
Resort Hotel;2015;July;30;24;0;1;2;0;0;BB;PRT;A;A;No Deposit;Canceled;22/07/2015;
Resort Hotel;2015;July;30;24;0;2;2;0;0;BB;ESP;A;A;No Deposit;Check-Out;26/07/2015;
Resort Hotel;2015;July;30;24;0;2;2;0;0;BB;ESP;D;D;No Deposit;Check-Out;26/07/2015;
Resort Hotel;2015;July;30;24;0;2;2;0;0;BB;ESP;A;A;No Deposit;Check-Out;26/07/2015;
Resort Hotel;2015;July;30;24;0;2;2;0;0;BB;PRT;A;D;No Deposit;Check-Out;26/07/2015;
Resort Hotel;2015;July;30;24;0;2;2;0;0;BB;ESP;A;A;No Deposit;Check-Out;26/07/2015;
Resort Hotel;2015;July;30;24;0;2;2;2;0;BB;PRT;G;G;No Deposit;Canceled;14/07/2015;
Resort Hotel;2015;July;30;24;0;2;2;0;0;BB;ESP;D;G;No Deposit;Check-Out;26/07/2015;
Resort Hotel;2015;July;30;24;0;2;2;0;0;BB;BRA;D;F;No Deposit;Check-Out;26/07/2015;
Resort Hotel;2015;July;30;24;0;2;2;0;0;BB;PRT;D;D;No Deposit;Canceled;06/07/2015;
Resort Hotel;2015;July;30;24;0;2;2;0;0;BB;PRT;E;E;No Deposit;Canceled;01/07/2015;
Resort Hotel;2015;July;30;24;1;2;3;0;0;BB;RUS;H;H;No Deposit;Check-Out;27/07/2015;
Resort Hotel;2015;July;30;24;0;2;2;0;0;BB;PRT;D;D;No Deposit;Canceled;06/07/2015;
Resort Hotel;2015;July;30;24;0;2;2;0;0;BB;ESP;A;A;No Deposit;Check-Out;26/07/2015;
Resort Hotel;2015;July;30;24;1;2;2;0;0;BB;PRT;A;A;No Deposit;Canceled;17/06/2015;
Resort Hotel;2015;July;30;24;2;2;2;0;0;BB;PRT;D;D;No Deposit;Canceled;18/06/2015;
Resort Hotel;2015;July;30;24;2;2;2;0;0;BB;SVN;A;D;No Deposit;Check-Out;28/07/2015;
Resort Hotel;2015;July;30;24;2;2;2;0;0;BB;PRT;A;A;No Deposit;Canceled;08/06/2015;
Resort Hotel;2015;July;30;24;2;2;2;0;0;BB;ALB;A;A;No Deposit;Check-Out;28/07/2015;
Resort Hotel;2015;July;30;24;2;3;2;0;0;BB;GBR;A;A;No Deposit;Check-Out;29/07/2015;
Resort Hotel;2015;July;30;24;2;3;2;0;0;BB;GBR;A;A;No Deposit;Check-Out;29/07/2015;
Resort Hotel;2015;July;30;24;2;5;2;0;0;BB;PRT;A;A;No Deposit;Check-Out;31/07/2015;
Resort Hotel;2015;July;30;24;2;5;2;0;0;FB;PRT;A;A;No Deposit;Canceled;14/07/2015;
Resort Hotel;2015;July;30;24;2;5;2;0;0;HB;PRT;A;A;No Deposit;Canceled;22/04/2015;
Resort Hotel;2015;July;30;24;2;6;2;2;0;BB;PRT;H;H;No Deposit;Canceled;25/05/2015;
Resort Hotel;2015;July;30;24;2;6;2;0;0;BB;PRT;D;D;No Deposit;Check-Out;01/08/2015;
Resort Hotel;2015;July;30;24;2;7;2;0;0;HB;ESP;A;A;No Deposit;Check-Out;02/08/2015;
Resort Hotel;2015;July;30;24;3;7;2;0;0;BB;GBR;E;E;No Deposit;Check-Out;03/08/2015;
Resort Hotel;2015;July;30;24;3;7;2;0;0;BB;PRT;A;A;No Deposit;Canceled;26/06/2015;
Resort Hotel;2015;July;30;24;4;10;3;0;0;BB;PRT;A;A;No Deposit;Canceled;21/07/2015;
Resort Hotel;2015;July;30;25;0;0;2;1;0;HB;PRT;D;D;No Deposit;Check-Out;25/07/2015;
Resort Hotel;2015;July;30;25;2;1;2;0;0;HB;PRT;A;E;No Deposit;Check-Out;28/07/2015;
Resort Hotel;2015;July;30;25;0;1;2;0;0;BB;ESP;A;F;No Deposit;Check-Out;26/07/2015;
Resort Hotel;2015;July;30;25;0;1;2;0;0;BB;ESP;A;F;No Deposit;Check-Out;26/07/2015;
Resort Hotel;2015;July;30;25;0;1;2;0;0;BB;ESP;A;F;No Deposit;Check-Out;26/07/2015;
Resort Hotel;2015;July;30;25;0;1;2;0;0;BB;PRT;A;A;No Deposit;Canceled;11/07/2015;
Resort Hotel;2015;July;30;25;1;1;2;0;0;BB;PRT;D;E;No Deposit;Check-Out;27/07/2015;
Resort Hotel;2015;July;30;25;1;1;2;0;0;BB;PRT;A;A;No Deposit;Canceled;14/07/2015;
Resort Hotel;2015;July;30;25;1;1;2;0;0;BB;PRT;A;A;No Deposit;Canceled;10/07/2015;
Resort Hotel;2015;July;30;25;1;1;2;0;0;BB;PRT;A;A;No Deposit;Canceled;23/07/2015;
Resort Hotel;2015;July;30;25;1;1;2;0;0;BB;ESP;A;E;No Deposit;Check-Out;27/07/2015;
Resort Hotel;2015;July;30;25;2;1;2;0;0;HB;PRT;A;A;No Deposit;Check-Out;28/07/2015;
Resort Hotel;2015;July;30;25;2;2;2;0;0;BB;GBR;A;D;No Deposit;Check-Out;29/07/2015;
Resort Hotel;2015;July;30;25;2;3;2;0;0;HB;PRT;A;A;No Deposit;Check-Out;30/07/2015;
Resort Hotel;2015;July;30;25;2;3;2;1;0;HB;ESP;D;D;No Deposit;Check-Out;30/07/2015;
Resort Hotel;2015;July;30;25;2;3;2;0;0;BB;ESP;A;A;No Deposit;Check-Out;30/07/2015;
Resort Hotel;2015;July;30;25;2;3;2;0;0;BB;PRT;A;A;No Deposit;Canceled;26/06/2015;
Resort Hotel;2015;July;30;25;2;3;2;2;0;HB;PRT;C;C;No Deposit;Check-Out;30/07/2015;
Resort Hotel;2015;July;30;25;2;3;2;2;0;HB;PRT;G;G;No Deposit;Check-Out;30/07/2015;
Resort Hotel;2015;July;30;25;2;4;2;0;0;BB;IRL;A;A;No Deposit;Check-Out;31/07/2015;
Resort Hotel;2015;July;30;25;2;4;2;0;0;BB;PRT;A;A;No Deposit;Canceled;02/06/2015;
Resort Hotel;2015;July;30;25;2;5;2;0;0;HB;PRT;A;A;No Deposit;Check-Out;01/08/2015;
Resort Hotel;2015;July;30;25;2;5;2;0;0;BB;PRT;E;E;No Deposit;Check-Out;01/08/2015;
Resort Hotel;2015;July;30;25;2;5;2;0;0;BB;PRT;A;A;No Deposit;Canceled;27/06/2015;
Resort Hotel;2015;July;30;25;2;5;2;0;0;HB;PRT;A;A;No Deposit;Canceled;12/05/2015;
Resort Hotel;2015;July;30;25;2;5;2;0;0;BB;PRT;A;A;No Deposit;Canceled;17/04/2015;
Resort Hotel;2015;July;30;25;2;5;2;0;0;HB;PRT;A;A;No Deposit;Check-Out;01/08/2015;
Resort Hotel;2015;July;30;25;2;5;2;0;0;HB;PRT;D;D;No Deposit;Check-Out;01/08/2015;
Resort Hotel;2015;July;30;25;2;5;2;0;0;BB;PRT;A;A;No Deposit;Check-Out;01/08/2015;
Resort Hotel;2015;July;30;25;2;6;1;0;0;BB;PRT;A;A;No Deposit;Canceled;03/07/2015;
Resort Hotel;2015;July;30;25;2;6;3;0;0;HB;GBR;E;E;No Deposit;Check-Out;02/08/2015;
Resort Hotel;2015;July;30;25;2;6;2;0;0;HB;GBR;A;A;No Deposit;Check-Out;02/08/2015;
Resort Hotel;2015;July;30;25;3;6;2;0;0;BB;PRT;A;A;No Deposit;Canceled;29/06/2015;
Resort Hotel;2015;July;30;25;3;6;1;0;0;BB;PRT;A;A;No Deposit;Canceled;15/04/2015;
Resort Hotel;2015;July;30;25;3;6;2;0;0;BB;PRT;D;D;No Deposit;Canceled;29/06/2015;
Resort Hotel;2015;July;30;25;4;6;2;0;0;BB;PRT;A;A;No Deposit;Check-Out;04/08/2015;
Resort Hotel;2015;July;30;25;4;8;2;0;0;BB;IRL;D;D;No Deposit;Check-Out;06/08/2015;
Resort Hotel;2015;July;30;25;4;10;2;0;0;BB;PRT;A;A;No Deposit;Canceled;03/07/2015;
Resort Hotel;2015;July;30;25;2;5;2;0;0;BB;PRT;A;D;No Deposit;Check-Out;01/08/2015;
Resort Hotel;2015;July;30;25;2;5;2;1;0;BB;PRT;A;A;No Deposit;Canceled;25/03/2015;
Resort Hotel;2015;July;30;25;2;5;3;0;0;BB;PRT;G;G;No Deposit;Check-Out;01/08/2015;
Resort Hotel;2015;July;30;25;2;5;2;0;0;BB;PRT;E;E;No Deposit;Canceled;08/06/2015;
City Hotel;2015;July;27;1;0;2;1;0;0;HB;PRT;A;A;No Deposit;Check-Out;03/07/2015;
City Hotel;2015;July;27;1;0;4;2;0;0;BB;PRT;A;A;No Deposit;Canceled;01/07/2015;
City Hotel;2015;July;27;1;0;4;1;0;0;BB;PRT;A;A;No Deposit;Canceled;30/04/2015;
City Hotel;2015;July;27;1;2;4;2;0;0;BB;PRT;A;A;No Deposit;Canceled;23/06/2015;
City Hotel;2015;July;27;2;0;2;2;0;0;BB;PRT;A;A;No Deposit;Canceled;02/04/2015;
City Hotel;2015;July;27;2;0;3;2;0;0;BB;PRT;A;A;No Deposit;Canceled;25/06/2015;
City Hotel;2015;July;27;2;0;3;1;0;0;HB;PRT;A;A;No Deposit;Check-Out;05/07/2015;
City Hotel;2015;July;27;2;1;3;1;0;0;BB;PRT;A;A;No Deposit;Canceled;25/06/2015;
City Hotel;2015;July;27;2;2;3;2;0;0;BB;PRT;A;A;No Deposit;No-Show;02/07/2015;
City Hotel;2015;July;27;2;2;3;2;0;0;BB;PRT;A;A;No Deposit;No-Show;02/07/2015;
City Hotel;2015;July;27;3;0;2;2;0;0;HB;PRT;A;A;No Deposit;Check-Out;05/07/2015;
City Hotel;2015;July;27;3;0;2;2;0;0;HB;PRT;A;A;No Deposit;Check-Out;05/07/2015;
City Hotel;2015;July;27;3;0;2;2;0;0;HB;PRT;A;A;No Deposit;Check-Out;05/07/2015;
City Hotel;2015;July;27;3;0;2;1;0;0;HB;PRT;A;A;No Deposit;Check-Out;05/07/2015;
City Hotel;2015;July;27;3;0;2;2;0;0;HB;PRT;A;A;No Deposit;Canceled;29/06/2015;
City Hotel;2015;July;27;3;0;2;1;0;0;HB;PRT;A;A;No Deposit;Check-Out;05/07/2015;
City Hotel;2015;July;27;3;0;2;1;0;0;HB;PRT;A;A;No Deposit;Canceled;16/06/2015;
City Hotel;2015;July;27;3;0;2;2;0;0;HB;PRT;A;A;No Deposit;Check-Out;05/07/2015;
City Hotel;2015;July;27;3;0;2;2;0;0;HB;PRT;A;A;No Deposit;Check-Out;05/07/2015;
City Hotel;2015;July;27;3;0;2;1;0;0;HB;PRT;A;A;No Deposit;Canceled;29/06/2015;
City Hotel;2015;July;27;3;0;2;2;0;0;HB;PRT;A;A;No Deposit;Canceled;16/06/2015;
City Hotel;2015;July;27;3;0;2;2;0;0;BB;PRT;A;A;No Deposit;Canceled;30/06/2015;
City Hotel;2015;July;27;3;0;2;2;0;0;HB;PRT;A;A;No Deposit;Check-Out;05/07/2015;
City Hotel;2015;July;27;3;0;2;2;0;0;HB;PRT;A;A;No Deposit;Check-Out;05/07/2015;
City Hotel;2015;July;27;3;1;2;2;0;0;BB;PRT;A;A;No Deposit;Canceled;17/04/2015;
City Hotel;2015;July;27;3;2;5;2;0;0;SC;PRT;A;A;No Deposit;Check-Out;10/07/2015;
City Hotel;2015;July;27;4;1;1;1;0;0;BB;PRT;A;A;No Deposit;Canceled;01/06/2015;
City Hotel;2015;July;27;4;2;1;1;0;0;BB;PRT;A;A;No Deposit;Canceled;23/06/2015;
City Hotel;2015;July;27;4;2;1;2;0;0;BB;PRT;A;A;No Deposit;Canceled;15/06/2015;
City Hotel;2015;July;27;4;2;2;1;0;0;BB;PRT;A;A;No Deposit;Check-Out;08/07/2015;
City Hotel;2015;July;28;5;2;1;2;0;0;SC;PRT;A;A;No Deposit;Canceled;30/06/2015;
City Hotel;2015;July;28;5;2;1;2;0;0;BB;PRT;A;A;No Deposit;Canceled;20/06/2015;
City Hotel;2015;July;28;5;2;3;2;0;0;BB;PRT;A;A;No Deposit;Canceled;03/07/2015;
City Hotel;2015;July;28;6;1;1;2;0;0;BB;PRT;A;A;No Deposit;Canceled;20/06/2015;
City Hotel;2015;July;28;6;1;3;1;0;0;BB;PRT;A;A;No Deposit;Canceled;21/04/2015;
City Hotel;2015;July;28;6;1;4;1;0;0;BB;PRT;A;A;No Deposit;Canceled;20/06/2015;
City Hotel;2015;July;28;6;1;4;2;0;1;HB;PRT;A;A;No Deposit;Canceled;15/06/2015;
City Hotel;2015;July;28;6;2;5;2;0;0;BB;PRT;A;A;No Deposit;Canceled;22/05/2015;
City Hotel;2015;July;28;6;3;6;2;0;0;BB;PRT;A;A;No Deposit;Canceled;25/06/2015;
City Hotel;2015;July;28;6;1;2;2;0;0;BB;PRT;A;A;No Deposit;No-Show;06/07/2015;
City Hotel;2015;July;28;6;1;3;2;0;0;BB;PRT;A;A;No Deposit;Canceled;17/06/2015;
City Hotel;2015;July;28;7;0;4;2;0;0;BB;PRT;A;A;No Deposit;Canceled;27/06/2015;
City Hotel;2015;July;28;7;0;4;1;0;0;BB;PRT;A;A;No Deposit;Canceled;26/06/2015;
City Hotel;2015;July;28;7;0;4;2;0;0;BB;PRT;A;A;No Deposit;Canceled;27/06/2015;
City Hotel;2015;July;28;7;0;2;2;1;0;BB;PRT;A;A;No Deposit;Check-Out;09/07/2015;
City Hotel;2015;July;28;7;0;3;2;0;0;BB;PRT;A;A;No Deposit;Canceled;17/06/2015;
City Hotel;2015;July;28;7;0;3;2;0;0;BB;PRT;A;A;No Deposit;Canceled;17/06/2015;
City Hotel;2015;July;28;7;0;3;2;0;0;BB;PRT;A;A;No Deposit;Canceled;16/06/2015;
City Hotel;2015;July;28;7;0;4;2;0;0;BB;PRT;A;A;No Deposit;Canceled;29/06/2015;
City Hotel;2015;July;28;7;0;4;2;0;0;BB;PRT;A;A;No Deposit;Canceled;27/06/2015;
City Hotel;2015;July;28;7;2;5;2;0;0;BB;PRT;B;B;No Deposit;Canceled;07/07/2015;
City Hotel;2015;July;28;7;2;5;2;0;0;BB;PRT;B;B;No Deposit;Canceled;07/07/2015;
City Hotel;2015;July;28;7;2;5;2;0;0;BB;PRT;A;A;No Deposit;Canceled;07/07/2015;
City Hotel;2015;July;28;7;2;8;2;0;0;BB;PRT;A;A;No Deposit;Check-Out;17/07/2015;
City Hotel;2015;July;28;7;5;15;1;0;0;SC;PRT;A;A;No Deposit;Canceled;08/04/2015;
City Hotel;2015;July;28;7;5;15;1;0;0;SC;PRT;A;A;No Deposit;Canceled;11/04/2015;
City Hotel;2015;July;28;7;5;15;1;0;0;BB;PRT;A;A;No Deposit;Canceled;08/04/2015;
City Hotel;2015;July;28;8;0;2;2;0;0;BB;PRT;A;A;No Deposit;Check-Out;10/07/2015;
City Hotel;2015;July;28;8;0;2;2;0;0;BB;PRT;A;A;No Deposit;Canceled;05/04/2015;
City Hotel;2015;July;28;8;1;4;2;0;0;BB;PRT;A;A;No Deposit;Check-Out;13/07/2015;
City Hotel;2015;July;28;8;1;4;2;0;0;BB;PRT;A;A;No Deposit;Canceled;29/06/2015;
City Hotel;2015;July;28;8;1;4;2;0;0;BB;PRT;A;A;No Deposit;Check-Out;13/07/2015;
City Hotel;2015;July;28;8;2;5;2;0;0;BB;PRT;A;A;No Deposit;Canceled;25/06/2015;
City Hotel;2015;July;28;8;2;8;2;0;0;BB;PRT;A;A;No Deposit;Canceled;14/05/2015;
City Hotel;2015;July;28;8;2;8;2;0;0;SC;PRT;A;A;No Deposit;Canceled;07/05/2015;
City Hotel;2015;July;28;9;0;2;3;0;0;BB;PRT;A;A;No Deposit;Canceled;15/06/2015;
City Hotel;2015;July;28;9;0;3;2;0;0;BB;PRT;A;A;No Deposit;Canceled;27/06/2015;
City Hotel;2015;July;28;9;2;3;2;0;0;BB;PRT;A;A;No Deposit;Check-Out;14/07/2015;
City Hotel;2015;July;28;10;0;1;2;0;0;BB;PRT;A;A;No Deposit;Canceled;30/06/2015;
City Hotel;2015;July;28;10;0;2;2;0;0;BB;PRT;A;A;No Deposit;Canceled;01/07/2015;
City Hotel;2015;July;28;10;1;2;2;0;0;BB;PRT;A;A;No Deposit;Canceled;10/07/2015;
City Hotel;2015;July;28;10;2;3;1;0;0;BB;PRT;A;A;No Deposit;Canceled;25/05/2015;
City Hotel;2015;July;28;10;2;3;2;2;0;BB;PRT;A;A;No Deposit;Check-Out;15/07/2015;
City Hotel;2015;July;28;10;3;7;2;0;0;BB;PRT;A;A;No Deposit;Canceled;01/06/2015;
City Hotel;2015;July;28;10;3;7;2;0;0;BB;PRT;A;A;No Deposit;Canceled;01/06/2015;
City Hotel;2015;July;28;11;0;1;1;0;0;SC;PRT;A;A;No Deposit;Check-Out;12/07/2015;
City Hotel;2015;July;28;11;0;1;2;0;0;BB;PRT;A;A;No Deposit;Check-Out;12/07/2015;
City Hotel;2015;July;28;11;0;1;1;0;0;SC;PRT;A;A;No Deposit;Check-Out;12/07/2015;
City Hotel;2015;July;28;11;0;1;3;0;0;BB;PRT;A;A;No Deposit;Check-Out;12/07/2015;
City Hotel;2015;July;28;11;2;1;2;0;0;BB;PRT;A;A;No Deposit;Canceled;27/06/2015;
City Hotel;2015;July;28;11;2;1;2;0;0;HB;PRT;A;A;No Deposit;Check-Out;14/07/2015;
City Hotel;2015;July;28;11;2;1;2;0;0;HB;PRT;A;A;No Deposit;Check-Out;14/07/2015;
City Hotel;2015;July;28;11;2;1;2;0;0;BB;PRT;A;A;No Deposit;Canceled;12/06/2015;
City Hotel;2015;July;28;11;2;1;2;0;0;BB;PRT;A;A;No Deposit;Canceled;11/05/2015;
City Hotel;2015;July;28;11;2;1;2;0;0;HB;PRT;A;A;No Deposit;Check-Out;14/07/2015;
City Hotel;2015;July;28;11;2;1;2;0;0;HB;ITA;A;A;No Deposit;Canceled;23/06/2015;
City Hotel;2015;July;28;11;2;1;3;0;0;HB;PRT;A;A;No Deposit;Check-Out;14/07/2015;
City Hotel;2015;July;28;11;2;1;2;0;0;BB;PRT;A;A;No Deposit;Check-Out;14/07/2015;
City Hotel;2015;July;28;11;2;1;2;0;0;HB;PRT;A;A;No Deposit;Check-Out;14/07/2015;
City Hotel;2015;July;28;11;2;1;2;0;0;HB;PRT;A;A;No Deposit;Check-Out;14/07/2015;
City Hotel;2015;July;28;11;2;1;1;0;0;HB;PRT;A;A;No Deposit;Check-Out;14/07/2015;
City Hotel;2015;July;28;11;2;1;2;0;0;HB;ITA;A;A;No Deposit;Canceled;23/06/2015;
City Hotel;2015;July;28;11;2;1;2;0;0;HB;ITA;A;A;No Deposit;Canceled;23/06/2015;
City Hotel;2015;July;28;11;2;1;2;0;0;HB;PRT;A;A;No Deposit;Check-Out;14/07/2015;
City Hotel;2015;July;28;11;2;1;2;0;0;HB;ITA;A;A;No Deposit;Canceled;23/06/2015;
City Hotel;2015;July;28;11;2;1;1;0;0;HB;PRT;A;A;No Deposit;Check-Out;14/07/2015;
City Hotel;2015;July;28;11;2;1;2;0;0;HB;PRT;A;A;No Deposit;Check-Out;14/07/2015;
City Hotel;2015;July;28;11;2;1;2;0;0;HB;ITA;A;A;No Deposit;Canceled;23/06/2015;
City Hotel;2015;July;28;11;2;1;2;0;0;HB;ITA;A;A;No Deposit;Canceled;23/06/2015;
City Hotel;2015;July;28;11;2;1;2;0;0;HB;PRT;A;A;No Deposit;Check-Out;14/07/2015;
City Hotel;2015;July;28;11;2;1;2;0;0;HB;ITA;A;A;No Deposit;Canceled;23/06/2015;
City Hotel;2015;July;29;12;2;0;2;0;0;BB;PRT;A;A;No Deposit;Canceled;02/07/2015;
City Hotel;2015;July;29;12;2;4;2;0;0;BB;PRT;A;A;No Deposit;Canceled;15/06/2015;
City Hotel;2015;July;29;13;1;0;2;0;0;BB;PRT;A;A;No Deposit;Check-Out;14/07/2015;
City Hotel;2015;July;29;13;1;0;2;0;0;BB;PRT;A;A;No Deposit;No-Show;13/07/2015;
City Hotel;2015;July;29;13;1;0;2;0;0;BB;PRT;A;A;No Deposit;Canceled;17/06/2015;
City Hotel;2015;July;29;13;1;0;2;0;0;BB;PRT;A;A;No Deposit;No-Show;13/07/2015;
City Hotel;2015;July;29;13;1;0;2;0;0;BB;PRT;A;A;No Deposit;No-Show;13/07/2015;
City Hotel;2015;July;29;13;1;0;2;1;0;BB;PRT;A;A;No Deposit;No-Show;13/07/2015;
City Hotel;2015;July;29;13;1;0;2;0;0;BB;PRT;A;A;No Deposit;Canceled;17/06/2015;
City Hotel;2015;July;29;13;1;0;2;0;0;BB;PRT;A;A;No Deposit;No-Show;13/07/2015;
City Hotel;2015;July;29;13;1;0;2;0;0;BB;PRT;A;A;No Deposit;Canceled;30/06/2015;
City Hotel;2015;July;29;13;1;0;1;0;0;BB;PRT;A;A;No Deposit;No-Show;13/07/2015;
City Hotel;2015;July;29;13;1;2;2;0;0;BB;PRT;A;A;No Deposit;No-Show;13/07/2015;
City Hotel;2015;July;29;13;1;2;2;0;0;BB;PRT;A;A;No Deposit;Canceled;29/06/2015;
City Hotel;2015;July;29;13;1;3;2;0;0;BB;PRT;A;A;No Deposit;Canceled;13/03/2015;
City Hotel;2015;July;29;14;0;3;2;0;0;BB;PRT;A;A;No Deposit;Canceled;30/06/2015;
City Hotel;2015;July;29;14;0;5;2;0;0;BB;PRT;A;A;No Deposit;Canceled;03/07/2015;
City Hotel;2015;July;29;14;2;7;2;0;0;BB;PRT;A;A;No Deposit;Canceled;07/07/2015;
City Hotel;2015;July;29;15;0;1;2;0;0;SC;PRT;A;F;No Deposit;Canceled;15/07/2015;
City Hotel;2015;July;29;15;0;4;2;0;0;BB;PRT;A;A;No Deposit;Canceled;30/06/2015;
City Hotel;2015;July;29;15;0;4;2;0;0;BB;PRT;D;D;No Deposit;No-Show;15/07/2015;
City Hotel;2015;July;29;15;0;4;2;0;0;BB;PRT;D;D;No Deposit;Canceled;08/05/2015;
City Hotel;2015;July;29;15;2;4;2;0;0;BB;PRT;A;A;No Deposit;Canceled;20/06/2015;
City Hotel;2015;July;29;15;2;5;2;0;0;SC;PRT;F;A;No Deposit;Check-Out;22/07/2015;
City Hotel;2015;July;29;15;2;7;1;0;0;BB;PRT;A;A;No Deposit;Canceled;02/07/2015;
City Hotel;2015;July;29;15;2;7;1;0;0;BB;PRT;A;A;No Deposit;Canceled;27/05/2015;
City Hotel;2015;July;29;16;0;1;2;0;0;BB;PRT;A;A;No Deposit;Canceled;07/05/2015;
City Hotel;2015;July;29;16;0;1;2;0;0;BB;PRT;A;A;No Deposit;Canceled;07/05/2015;
City Hotel;2015;July;29;16;0;2;2;0;0;BB;PRT;A;A;No Deposit;Canceled;29/04/2015;
City Hotel;2015;July;29;16;0;2;2;0;0;BB;PRT;A;A;No Deposit;No-Show;16/07/2015;
City Hotel;2015;July;29;16;2;5;2;0;0;BB;PRT;A;A;No Deposit;Canceled;17/06/2015;
City Hotel;2015;July;29;16;0;3;2;0;0;BB;PRT;A;A;No Deposit;Canceled;16/07/2015;
City Hotel;2015;July;29;17;0;2;1;0;0;BB;PRT;A;A;No Deposit;Canceled;13/07/2015;
City Hotel;2015;July;29;18;1;1;1;0;0;BB;PRT;A;A;No Deposit;Check-Out;20/07/2015;
City Hotel;2015;July;29;18;1;1;1;0;0;BB;PRT;A;A;No Deposit;Check-Out;20/07/2015;
City Hotel;2015;July;29;18;1;1;3;0;0;BB;PRT;A;A;No Deposit;Check-Out;20/07/2015;
City Hotel;2015;July;29;18;1;1;2;0;0;BB;PRT;A;A;No Deposit;Check-Out;20/07/2015;
City Hotel;2015;July;29;18;1;1;2;0;0;BB;PRT;A;A;No Deposit;Check-Out;20/07/2015;
City Hotel;2015;July;29;18;1;1;2;0;0;BB;PRT;A;A;No Deposit;Check-Out;20/07/2015;
City Hotel;2015;July;29;18;1;1;2;0;0;BB;PRT;A;A;No Deposit;Check-Out;20/07/2015;
City Hotel;2015;July;29;18;1;1;2;0;0;BB;PRT;A;A;No Deposit;Check-Out;20/07/2015;
City Hotel;2015;July;29;18;1;1;2;0;0;BB;PRT;A;A;No Deposit;Check-Out;20/07/2015;
City Hotel;2015;July;29;18;1;1;2;0;0;BB;PRT;A;A;No Deposit;Check-Out;20/07/2015;
City Hotel;2015;July;29;18;1;1;1;0;0;BB;PRT;A;A;No Deposit;Check-Out;20/07/2015;
City Hotel;2015;July;29;18;1;1;2;0;0;BB;PRT;A;A;No Deposit;Check-Out;20/07/2015;
City Hotel;2015;July;29;18;1;1;2;0;0;BB;PRT;A;A;No Deposit;Check-Out;20/07/2015;
City Hotel;2015;July;29;18;1;1;3;0;0;BB;PRT;A;A;No Deposit;Check-Out;20/07/2015;
City Hotel;2015;July;29;18;1;1;2;0;0;BB;PRT;A;A;No Deposit;Check-Out;20/07/2015;
City Hotel;2015;July;29;18;1;1;2;0;0;BB;PRT;A;A;No Deposit;Check-Out;20/07/2015;
City Hotel;2015;July;29;18;1;1;2;0;0;BB;PRT;A;A;No Deposit;Check-Out;20/07/2015;
City Hotel;2015;July;29;18;1;1;1;0;0;BB;PRT;A;A;No Deposit;Check-Out;20/07/2015;
City Hotel;2015;July;29;18;1;1;3;0;0;BB;PRT;A;A;No Deposit;Check-Out;20/07/2015;
City Hotel;2015;July;29;18;1;1;2;0;0;BB;PRT;A;A;No Deposit;Check-Out;20/07/2015;
City Hotel;2015;July;29;18;1;1;1;0;0;BB;PRT;A;A;No Deposit;Check-Out;20/07/2015;
City Hotel;2015;July;29;18;2;1;2;0;0;HB;ITA;A;A;No Deposit;Canceled;16/07/2015;
City Hotel;2015;July;29;18;2;1;1;0;0;HB;PRT;A;A;No Deposit;Check-Out;21/07/2015;
City Hotel;2015;July;29;18;2;1;2;0;0;HB;ITA;A;A;No Deposit;Canceled;16/07/2015;
City Hotel;2015;July;29;18;2;1;2;0;0;HB;PRT;A;A;No Deposit;Check-Out;21/07/2015;
City Hotel;2015;July;29;18;2;1;2;0;0;HB;ITA;A;A;No Deposit;Canceled;16/07/2015;
City Hotel;2015;July;29;18;2;1;2;0;0;HB;ITA;A;A;No Deposit;Canceled;16/07/2015;
City Hotel;2015;July;29;18;2;1;2;0;0;HB;ITA;A;A;No Deposit;Canceled;16/07/2015;
City Hotel;2015;July;29;18;2;1;2;0;0;HB;ITA;A;A;No Deposit;Canceled;16/07/2015;
City Hotel;2015;July;29;18;2;1;2;0;0;HB;ITA;A;A;No Deposit;Canceled;16/07/2015;
City Hotel;2015;July;29;18;2;1;2;0;0;HB;PRT;A;A;No Deposit;Check-Out;21/07/2015;
City Hotel;2015;July;29;18;2;1;2;0;0;HB;PRT;A;A;No Deposit;Check-Out;21/07/2015;
City Hotel;2015;July;29;18;2;1;2;0;0;HB;ITA;A;A;No Deposit;Canceled;16/07/2015;
City Hotel;2015;July;29;18;2;1;2;0;0;HB;ITA;A;A;No Deposit;Canceled;16/07/2015;
City Hotel;2015;July;29;18;2;1;2;0;0;HB;PRT;A;A;No Deposit;Check-Out;21/07/2015;
City Hotel;2015;July;29;18;2;1;2;0;0;HB;ITA;A;A;No Deposit;Canceled;16/07/2015;
City Hotel;2015;July;29;18;2;1;2;0;0;HB;ITA;A;A;No Deposit;Canceled;16/07/2015;
City Hotel;2015;July;29;18;2;1;2;0;0;HB;ITA;A;A;No Deposit;Canceled;16/07/2015;
City Hotel;2015;July;29;18;2;1;2;0;0;HB;ITA;A;A;No Deposit;Canceled;16/07/2015;
City Hotel;2015;July;29;18;2;1;2;0;0;HB;ITA;A;A;No Deposit;Canceled;16/07/2015;
City Hotel;2015;July;29;18;2;1;2;0;0;HB;ITA;A;A;No Deposit;Canceled;16/07/2015;
City Hotel;2015;July;29;18;2;1;3;0;0;HB;PRT;A;A;No Deposit;Check-Out;21/07/2015;
City Hotel;2015;July;29;18;2;1;2;0;0;HB;ITA;A;A;No Deposit;Canceled;16/07/2015;
City Hotel;2015;July;29;18;2;1;2;0;0;HB;ITA;A;A;No Deposit;Canceled;16/07/2015;
City Hotel;2015;July;29;18;2;1;2;0;0;HB;ITA;A;A;No Deposit;Canceled;16/07/2015;
City Hotel;2015;July;29;18;2;2;2;0;0;BB;PRT;A;A;No Deposit;Check-Out;22/07/2015;
City Hotel;2015;July;29;18;2;2;2;0;0;BB;PRT;A;A;No Deposit;Check-Out;22/07/2015;
City Hotel;2015;July;29;18;2;2;1;0;0;BB;PRT;A;A;No Deposit;Check-Out;22/07/2015;
City Hotel;2015;July;29;18;2;2;2;0;0;BB;PRT;A;A;No Deposit;Canceled;18/07/2015;
City Hotel;2015;July;29;18;2;2;2;0;0;BB;PRT;A;A;No Deposit;Canceled;18/07/2015;
City Hotel;2015;July;29;18;2;2;2;0;0;BB;PRT;A;A;No Deposit;Canceled;18/07/2015;
City Hotel;2015;July;29;18;2;2;1;0;0;BB;PRT;A;A;No Deposit;Canceled;18/07/2015;
City Hotel;2015;July;29;18;2;2;2;0;0;BB;PRT;A;A;No Deposit;Canceled;18/07/2015;
City Hotel;2015;July;29;18;2;2;2;0;0;BB;PRT;A;A;No Deposit;Canceled;18/07/2015;
City Hotel;2015;July;29;18;2;2;1;0;0;BB;PRT;A;A;No Deposit;Check-Out;22/07/2015;
City Hotel;2015;July;29;18;2;2;2;0;0;BB;PRT;A;A;No Deposit;Canceled;18/07/2015;
City Hotel;2015;July;29;18;2;2;2;0;0;BB;PRT;A;A;No Deposit;Canceled;18/07/2015;
City Hotel;2015;July;29;18;2;2;2;0;0;BB;PRT;A;A;No Deposit;Check-Out;22/07/2015;
City Hotel;2015;July;29;18;2;2;2;0;0;BB;PRT;A;A;No Deposit;Check-Out;22/07/2015;
City Hotel;2015;July;29;18;2;2;2;0;0;BB;PRT;A;A;No Deposit;Canceled;18/07/2015;
City Hotel;2015;July;29;18;2;2;2;0;0;BB;PRT;A;A;No Deposit;Canceled;18/07/2015;
City Hotel;2015;July;29;18;2;2;2;0;0;BB;PRT;A;A;No Deposit;Check-Out;22/07/2015;
City Hotel;2015;July;29;18;2;2;1;0;0;BB;PRT;A;A;No Deposit;Check-Out;22/07/2015;
City Hotel;2015;July;29;18;2;2;2;0;0;BB;PRT;A;A;No Deposit;Canceled;18/07/2015;
City Hotel;2015;July;29;18;2;2;2;0;0;BB;PRT;A;A;No Deposit;Check-Out;22/07/2015;
City Hotel;2015;July;29;18;2;2;2;0;0;BB;PRT;A;A;No Deposit;Check-Out;22/07/2015;
City Hotel;2015;July;29;18;2;2;2;0;0;BB;PRT;A;A;No Deposit;Canceled;18/07/2015;
City Hotel;2015;July;29;18;2;3;2;0;0;BB;PRT;A;A;No Deposit;Check-Out;23/07/2015;
City Hotel;2015;July;30;19;2;0;2;0;0;BB;PRT;A;A;No Deposit;Canceled;16/04/2015;
City Hotel;2015;July;30;19;2;2;2;0;0;BB;PRT;B;B;No Deposit;Canceled;12/07/2015;
City Hotel;2015;July;30;19;2;2;2;0;0;BB;PRT;B;B;No Deposit;Canceled;12/07/2015;
City Hotel;2015;July;30;19;3;5;1;0;0;BB;PRT;A;A;No Deposit;Canceled;29/06/2015;
City Hotel;2015;July;30;19;4;7;2;0;0;BB;PRT;A;A;No Deposit;Canceled;11/07/2015;
City Hotel;2015;July;30;20;1;0;1;0;0;BB;PRT;A;A;No Deposit;Canceled;09/07/2015;
City Hotel;2015;July;30;20;1;0;2;0;0;BB;PRT;A;A;No Deposit;Canceled;09/07/2015;
City Hotel;2015;July;30;20;1;1;2;0;0;SC;PRT;A;A;No Deposit;Check-Out;22/07/2015;
City Hotel;2015;July;30;20;1;3;2;0;0;HB;PRT;A;A;No Deposit;Check-Out;20/07/2015;
City Hotel;2015;July;30;20;3;8;2;0;0;BB;PRT;A;A;No Deposit;No-Show;20/07/2015;
City Hotel;2015;July;30;21;0;2;2;0;0;SC;PRT;A;A;No Deposit;Canceled;25/05/2015;
City Hotel;2015;July;30;22;0;2;2;0;0;BB;PRT;A;D;No Deposit;Check-Out;24/07/2015;
City Hotel;2015;July;30;22;0;2;2;0;0;BB;PRT;A;A;No Deposit;Check-Out;24/07/2015;
City Hotel;2015;July;30;22;0;2;3;0;0;BB;PRT;A;A;No Deposit;Check-Out;24/07/2015;
City Hotel;2015;July;30;22;0;2;2;0;0;BB;PRT;A;A;Non Refund;Canceled;02/07/2015;
City Hotel;2015;July;30;22;0;2;2;0;0;BB;PRT;A;A;Non Refund;Canceled;02/07/2015;
City Hotel;2015;July;30;22;0;2;2;0;0;BB;PRT;A;A;No Deposit;Check-Out;24/07/2015;
City Hotel;2015;July;30;22;0;2;2;0;0;BB;PRT;A;A;No Deposit;Canceled;17/07/2015;
City Hotel;2015;July;30;22;0;2;2;0;0;BB;PRT;A;A;Non Refund;Canceled;02/07/2015;
City Hotel;2015;July;30;22;0;2;2;0;0;BB;PRT;A;A;Non Refund;Canceled;02/07/2015;
City Hotel;2015;July;30;22;0;2;2;0;0;BB;PRT;A;A;No Deposit;Check-Out;24/07/2015;
City Hotel;2015;July;30;22;0;2;2;0;0;BB;PRT;A;A;No Deposit;Canceled;17/07/2015;
City Hotel;2015;July;30;22;0;2;2;0;0;BB;PRT;A;A;Non Refund;Canceled;02/07/2015;
City Hotel;2015;July;30;22;0;2;2;0;0;BB;PRT;A;A;No Deposit;Check-Out;24/07/2015;
City Hotel;2015;July;30;22;0;2;2;0;0;BB;PRT;A;D;No Deposit;Check-Out;24/07/2015;
City Hotel;2015;July;30;22;0;2;1;0;0;BB;PRT;A;A;No Deposit;Check-Out;24/07/2015;
City Hotel;2015;July;30;22;0;2;3;0;0;BB;PRT;A;A;No Deposit;Check-Out;24/07/2015;
City Hotel;2015;July;30;22;0;2;2;0;0;BB;PRT;A;D;No Deposit;Check-Out;24/07/2015;
City Hotel;2015;July;30;22;0;2;2;0;0;BB;PRT;A;A;No Deposit;Check-Out;24/07/2015;
City Hotel;2015;July;30;22;0;2;2;0;0;BB;PRT;A;A;Non Refund;Canceled;02/07/2015;
City Hotel;2015;July;30;22;0;2;2;0;0;BB;PRT;A;A;Non Refund;Canceled;02/07/2015;
City Hotel;2015;July;30;22;0;2;2;0;0;BB;PRT;A;A;No Deposit;Check-Out;24/07/2015;
City Hotel;2015;July;30;22;0;2;2;0;0;BB;PRT;A;A;No Deposit;Canceled;17/07/2015;
City Hotel;2015;July;30;22;0;2;1;0;0;BB;PRT;A;A;No Deposit;Check-Out;24/07/2015;
City Hotel;2015;July;30;22;0;2;2;0;0;BB;PRT;A;A;Non Refund;Canceled;02/07/2015;
City Hotel;2015;July;30;22;0;2;2;0;0;BB;PRT;A;A;Non Refund;Canceled;02/07/2015;
City Hotel;2015;July;30;22;0;2;2;0;0;BB;PRT;A;A;Non Refund;Canceled;02/07/2015;
City Hotel;2015;July;30;22;0;2;2;0;0;BB;PRT;A;A;No Deposit;Check-Out;24/07/2015;
City Hotel;2015;July;30;22;0;2;2;0;0;BB;PRT;A;A;No Deposit;Canceled;17/07/2015;
City Hotel;2015;July;30;22;0;2;2;0;0;BB;PRT;A;A;No Deposit;Check-Out;24/07/2015;
City Hotel;2015;July;30;22;0;2;2;0;0;BB;PRT;A;A;No Deposit;Check-Out;24/07/2015;
City Hotel;2015;July;30;22;0;2;2;0;0;BB;PRT;A;G;No Deposit;Check-Out;24/07/2015;
City Hotel;2015;July;30;22;0;2;2;0;0;BB;PRT;A;A;No Deposit;Check-Out;24/07/2015;
City Hotel;2015;July;30;22;0;2;2;0;0;BB;PRT;A;A;No Deposit;Canceled;17/07/2015;
City Hotel;2015;July;30;22;0;2;3;0;0;BB;PRT;A;A;No Deposit;Check-Out;24/07/2015;
City Hotel;2015;July;30;22;0;3;2;0;0;BB;PRT;A;A;No Deposit;No-Show;22/07/2015;
City Hotel;2015;July;30;22;0;4;2;0;0;BB;PRT;A;A;No Deposit;No-Show;22/07/2015;
City Hotel;2015;July;30;22;0;4;1;0;0;BB;PRT;A;A;No Deposit;Canceled;12/06/2015;
City Hotel;2015;July;30;22;1;4;2;0;0;BB;PRT;A;A;No Deposit;No-Show;22/07/2015;
City Hotel;2015;July;30;22;2;5;2;0;0;BB;PRT;A;A;No Deposit;Canceled;18/07/2015;
City Hotel;2015;July;30;22;2;5;2;0;0;BB;PRT;A;A;No Deposit;Canceled;18/05/2015;
City Hotel;2015;July;30;22;2;5;2;0;0;BB;PRT;A;A;No Deposit;Canceled;18/05/2015;
City Hotel;2015;July;30;22;0;2;2;0;0;BB;PRT;A;A;Non Refund;Canceled;02/07/2015;
City Hotel;2015;July;30;22;0;2;2;0;0;BB;PRT;A;A;No Deposit;Check-Out;24/07/2015;
City Hotel;2015;July;30;22;0;2;1;0;0;BB;PRT;A;A;No Deposit;Check-Out;24/07/2015;
City Hotel;2015;July;30;22;0;2;2;0;0;BB;PRT;A;D;No Deposit;Check-Out;24/07/2015;
City Hotel;2015;July;30;22;0;2;2;0;0;BB;PRT;A;A;Non Refund;Canceled;02/07/2015;
City Hotel;2015;July;30;22;0;2;1;0;0;BB;PRT;A;A;No Deposit;Check-Out;24/07/2015;
City Hotel;2015;July;30;22;0;2;2;0;0;BB;PRT;A;A;No Deposit;Canceled;17/07/2015;
City Hotel;2015;July;30;22;0;2;2;0;0;BB;PRT;A;A;No Deposit;Check-Out;24/07/2015;
City Hotel;2015;July;30;22;0;2;2;0;0;BB;PRT;A;A;Non Refund;Canceled;02/07/2015;
City Hotel;2015;July;30;23;0;2;2;0;0;BB;PRT;A;A;No Deposit;Canceled;24/04/2015;
City Hotel;2015;July;30;23;0;1;2;0;0;HB;PRT;A;A;No Deposit;Check-Out;24/07/2015;
City Hotel;2015;July;30;23;0;1;2;0;0;HB;PRT;A;D;No Deposit;Check-Out;24/07/2015;
City Hotel;2015;July;30;23;0;1;2;0;0;HB;PRT;A;D;No Deposit;Check-Out;24/07/2015;
City Hotel;2015;July;30;23;0;1;2;0;0;HB;PRT;A;A;No Deposit;Check-Out;24/07/2015;
City Hotel;2015;July;30;23;0;1;2;0;0;HB;PRT;A;A;No Deposit;Check-Out;24/07/2015;
City Hotel;2015;July;30;23;0;1;2;0;0;HB;PRT;A;A;No Deposit;Check-Out;24/07/2015;
City Hotel;2015;July;30;23;0;1;2;0;0;HB;PRT;A;A;No Deposit;Check-Out;24/07/2015;
City Hotel;2015;July;30;23;0;1;2;0;0;HB;PRT;A;A;No Deposit;Check-Out;24/07/2015;
City Hotel;2015;July;30;23;0;1;2;0;0;HB;PRT;A;A;No Deposit;Check-Out;24/07/2015;
City Hotel;2015;July;30;23;0;1;1;0;0;HB;PRT;A;A;No Deposit;Check-Out;24/07/2015;
City Hotel;2015;July;30;23;0;1;2;0;0;HB;PRT;A;A;No Deposit;Check-Out;24/07/2015;
City Hotel;2015;July;30;23;0;1;2;0;0;HB;PRT;A;A;No Deposit;Check-Out;24/07/2015;
City Hotel;2015;July;30;23;0;1;1;0;0;HB;PRT;A;A;No Deposit;Check-Out;24/07/2015;
City Hotel;2015;July;30;23;0;1;2;0;0;HB;PRT;A;A;No Deposit;Check-Out;24/07/2015;
City Hotel;2015;July;30;23;0;1;2;0;0;HB;PRT;B;D;No Deposit;Check-Out;24/07/2015;
City Hotel;2015;July;30;23;0;1;2;0;0;HB;PRT;A;A;No Deposit;Check-Out;24/07/2015;
City Hotel;2015;July;30;23;0;1;1;0;0;HB;PRT;A;A;No Deposit;Check-Out;24/07/2015;
City Hotel;2015;July;30;23;0;1;2;0;0;HB;PRT;B;B;No Deposit;Check-Out;24/07/2015;
City Hotel;2015;July;30;23;0;1;2;0;0;HB;PRT;A;A;No Deposit;Check-Out;24/07/2015;
City Hotel;2015;July;30;23;0;1;2;0;0;HB;PRT;A;A;No Deposit;Check-Out;24/07/2015;
City Hotel;2015;July;30;23;0;1;2;0;0;HB;PRT;A;A;No Deposit;Check-Out;24/07/2015;
City Hotel;2015;July;30;23;0;1;2;0;0;HB;PRT;A;A;No Deposit;Check-Out;24/07/2015;
City Hotel;2015;July;30;23;0;2;1;0;0;BB;PRT;A;A;No Deposit;Canceled;24/04/2015;
City Hotel;2015;July;30;23;1;3;2;0;0;HB;PRT;A;A;No Deposit;Canceled;30/06/2015;
City Hotel;2015;July;30;23;1;3;1;0;0;HB;PRT;A;A;No Deposit;Canceled;21/07/2015;
City Hotel;2015;July;30;23;1;3;2;0;0;HB;PRT;A;A;No Deposit;Canceled;30/06/2015;
City Hotel;2015;July;30;23;1;3;2;0;0;HB;PRT;A;A;No Deposit;Canceled;30/06/2015;
City Hotel;2015;July;30;23;1;3;1;0;0;HB;PRT;A;A;No Deposit;Canceled;21/07/2015;21/07/2015
City Hotel;2015;July;30;23;2;5;0;0;0;HB;PRT;A;A;No Deposit;Check-Out;30/07/2015;30/07/2015
City Hotel;2015;July;30;24;2;3;2;0;0;BB;PRT;A;A;No Deposit;Canceled;20/05/2015;20/05/2015
City Hotel;2015;July;30;24;0;1;2;0;0;SC;PRT;A;A;No Deposit;Check-Out;25/07/2015;25/07/2015
City Hotel;2015;July;30;25;0;1;2;1;0;BB;PRT;D;A;No Deposit;Check-Out;26/07/2015;26/07/2015
City Hotel;2015;July;30;25;0;1;1;0;0;BB;PRT;A;A;No Deposit;Check-Out;26/07/2015;26/07/2015
City Hotel;2015;July;30;25;0;1;2;1;0;BB;PRT;A;D;No Deposit;Check-Out;26/07/2015;26/07/2015
City Hotel;2015;July;30;25;1;1;3;0;0;BB;PRT;D;D;No Deposit;Canceled;24/04/2015;24/04/2015
City Hotel;2015;July;30;25;1;1;2;0;0;BB;PRT;A;A;No Deposit;Canceled;29/06/2015;29/06/2015
City Hotel;2015;July;30;25;2;1;2;0;0;HB;ITA;A;A;No Deposit;Canceled;22/07/2015;22/07/2015
City Hotel;2015;July;30;25;2;1;2;0;0;HB;ITA;A;A;No Deposit;Canceled;22/07/2015;22/07/2015
City Hotel;2015;July;30;25;2;1;2;0;0;HB;ITA;A;D;No Deposit;Check-Out;28/07/2015;28/07/2015
City Hotel;2015;July;30;25;2;1;1;0;0;HB;PRT;A;A;No Deposit;Check-Out;28/07/2015;28/07/2015
City Hotel;2015;July;30;25;2;1;2;0;0;HB;ITA;A;A;No Deposit;Canceled;22/07/2015;22/07/2015
City Hotel;2015;July;30;25;2;1;2;0;0;HB;ITA;A;A;No Deposit;Canceled;22/07/2015;
City Hotel;2015;July;30;25;2;1;2;0;0;HB;ITA;A;A;No Deposit;Canceled;22/07/2015;
City Hotel;2015;July;30;25;2;1;2;0;0;HB;ITA;A;A;No Deposit;Canceled;22/07/2015;
City Hotel;2015;July;30;25;2;1;1;0;0;HB;PRT;A;A;No Deposit;Check-Out;28/07/2015;
City Hotel;2015;July;30;25;2;1;2;0;0;HB;ITA;A;A;No Deposit;Check-Out;28/07/2015;
City Hotel;2015;July;30;25;2;1;2;0;0;HB;ITA;A;A;No Deposit;Canceled;16/07/2015;
City Hotel;2015;July;30;25;2;1;2;0;0;HB;ITA;A;A;No Deposit;Canceled;22/07/2015;22/07/2015
City Hotel;2015;July;30;25;2;1;2;0;0;HB;ITA;A;A;No Deposit;Canceled;22/07/2015;22/07/2015
City Hotel;2015;July;30;25;2;1;2;0;0;HB;ITA;A;A;No Deposit;Canceled;16/07/2015;16/07/2015
City Hotel;2015;July;30;25;2;1;2;0;0;HB;ITA;A;A;No Deposit;Canceled;22/07/2015;22/07/2015
City Hotel;2015;July;30;25;2;1;2;0;0;HB;ITA;A;A;No Deposit;Canceled;22/07/2015;22/07/2015
City Hotel;2015;July;30;25;2;1;1;0;0;HB;PRT;A;A;No Deposit;Check-Out;28/07/2015;28/07/2015
City Hotel;2015;July;30;25;2;1;2;0;0;HB;ITA;A;A;No Deposit;Canceled;22/07/2015;22/07/2015
City Hotel;2015;July;30;25;2;1;2;0;0;HB;ITA;A;A;No Deposit;Canceled;22/07/2015;22/07/2015
City Hotel;2015;July;30;25;2;1;2;0;0;HB;ITA;A;A;No Deposit;Check-Out;28/07/2015;28/07/2015
City Hotel;2015;July;30;25;2;1;1;0;0;HB;ITA;A;A;No Deposit;Check-Out;28/07/2015;28/07/2015
City Hotel;2015;July;30;25;2;1;2;0;0;HB;ITA;A;A;No Deposit;Canceled;16/07/2015;16/07/2015
City Hotel;2015;July;30;25;2;1;2;0;0;HB;ITA;A;A;No Deposit;Canceled;16/07/2015;16/07/2015
City Hotel;2015;July;30;25;2;1;2;0;0;HB;PRT;A;A;No Deposit;Check-Out;28/07/2015;28/07/2015
City Hotel;2015;July;30;25;2;1;2;0;0;HB;PRT;A;A;No Deposit;Check-Out;28/07/2015;28/07/2015
City Hotel;2015;July;30;25;2;1;2;0;0;HB;ITA;A;A;No Deposit;Canceled;22/07/2015;
City Hotel;2015;July;30;25;2;1;2;0;0;HB;PRT;A;A;No Deposit;Check-Out;28/07/2015;
City Hotel;2015;July;30;25;2;1;2;0;0;HB;PRT;A;A;No Deposit;Check-Out;28/07/2015;
City Hotel;2015;July;30;25;2;1;2;0;0;HB;ITA;A;D;No Deposit;Check-Out;28/07/2015;
City Hotel;2015;July;30;25;2;1;2;0;0;HB;ITA;A;A;No Deposit;Canceled;16/07/2015;
City Hotel;2015;July;30;25;2;1;3;0;0;HB;PRT;A;D;No Deposit;Check-Out;28/07/2015;
City Hotel;2015;July;30;25;2;1;2;0;0;HB;PRT;A;A;No Deposit;Check-Out;28/07/2015;
City Hotel;2015;July;30;25;2;1;2;0;0;HB;ITA;A;A;No Deposit;Canceled;22/07/2015;
City Hotel;2015;July;30;25;2;1;2;0;0;HB;ITA;A;A;No Deposit;Canceled;22/07/2015;
City Hotel;2015;July;30;25;2;2;2;0;0;BB;PRT;A;A;No Deposit;Check-Out;29/07/2015;
City Hotel;2015;July;30;25;2;2;1;0;0;BB;PRT;A;D;No Deposit;Check-Out;29/07/2015;29/07/2015
City Hotel;2015;July;30;25;2;2;2;0;0;BB;ESP;A;A;No Deposit;Check-Out;29/07/2015;
City Hotel;2015;July;30;25;2;2;2;0;0;BB;PRT;A;A;No Deposit;Canceled;22/07/2015;
City Hotel;2015;July;30;25;2;2;2;0;0;BB;PRT;A;A;No Deposit;Canceled;22/07/2015;
City Hotel;2015;July;30;25;2;2;2;0;0;BB;PRT;A;A;No Deposit;Canceled;22/07/2015;
City Hotel;2015;July;30;25;2;2;2;0;0;BB;PRT;A;D;No Deposit;Check-Out;29/07/2015;
City Hotel;2015;July;30;25;2;2;2;0;0;BB;PRT;A;D;No Deposit;Check-Out;29/07/2015;
City Hotel;2015;July;30;25;2;2;1;0;0;BB;PRT;A;D;No Deposit;Check-Out;29/07/2015;
City Hotel;2015;July;30;25;2;2;2;0;0;BB;PRT;A;D;No Deposit;Check-Out;29/07/2015;
City Hotel;2015;July;30;25;2;2;2;0;0;BB;PRT;A;D;No Deposit;Check-Out;29/07/2015;
City Hotel;2015;July;30;25;2;2;2;0;0;BB;PRT;A;A;No Deposit;Canceled;22/07/2015;
City Hotel;2015;July;30;25;2;2;2;0;0;BB;PRT;A;A;No Deposit;Canceled;22/07/2015;
City Hotel;2015;July;30;25;2;2;2;0;0;BB;PRT;A;D;No Deposit;Check-Out;29/07/2015;
City Hotel;2015;July;30;25;2;2;2;0;0;BB;PRT;A;A;No Deposit;Canceled;22/07/2015;
City Hotel;2015;July;30;25;2;2;2;0;0;BB;ITA;A;A;No Deposit;Check-Out;29/07/2015;29/07/2015
City Hotel;2015;July;30;25;2;2;2;0;0;BB;PRT;A;A;No Deposit;Canceled;22/07/2015;22/07/2015
City Hotel;2015;July;30;25;2;2;2;0;0;BB;PRT;A;A;No Deposit;Canceled;22/07/2015;22/07/2015
